DATAFLOW,LAST UPDATE,freq,unit,coicop,geo,TIME_PERIOD,OBS_VALUE,OBS_FLAG,CONF_STATUS
ESTAT:PRC_HICP_MIDX(1.0),06/02/26 23:00:00,M,I05,CP00,IT,2005-01,98.1,,
ESTAT:PRC_HICP_MIDX(1.0),06/02/26 23:00:00,M,I05,CP00,IT,2005-02,98.0,,
ESTAT:PRC_HICP_MIDX(1.0),06/02/26 23:00:00,M,I05,CP00,IT,2005-03,99.2,,
ESTAT:PRC_HICP_MIDX(1.0),06/02/26 23:00:00,M,I05,CP00,IT,2005-04,100.0,,
ESTAT:PRC_HICP_MIDX(1.0),06/02/26 23:00:00,M,I05,CP00,IT,2005-05,100.3,,
ESTAT:PRC_HICP_MIDX(1.0),06/02/26 23:00:00,M,I05,CP00,IT,2005-06,100.3,,
ESTAT:PRC_HICP_MIDX(1.0),06/02/26 23:00:00,M,I05,CP00,IT,2005-07,100.1,,
ESTAT:PRC_HICP_MIDX(1.0),06/02/26 23:00:00,M,I05,CP00,IT,2005-08,99.9,,
ESTAT:PRC_HICP_MIDX(1.0),06/02/26 23:00:00,M,I05,CP00,IT,2005-09,100.5,,
ESTAT:PRC_HICP_MIDX(1.0),06/02/26 23:00:00,M,I05,CP00,IT,2005-10,101.2,,
ESTAT:PRC_HICP_MIDX(1.0),06/02/26 23:00:00,M,I05,CP00,IT,2005-11,101.2,,
ESTAT:PRC_HICP_MIDX(1.0),06/02/26 23:00:00,M,I05,CP00,IT,2005-12,101.2,,
ESTAT:PRC_HICP_MIDX(1.0),06/02/26 23:00:00,M,I05,CP00,IT,2006-01,100.3,,
ESTAT:PRC_HICP_MIDX(1.0),06/02/26 23:00:00,M,I05,CP00,IT,2006-02,100.2,,
ESTAT:PRC_HICP_MIDX(1.0),06/02/26 23:00:00,M,I05,CP00,IT,2006-03,101.4,,
ESTAT:PRC_HICP_MIDX(1.0),06/02/26 23:00:00,M,I05,CP00,IT,2006-04,102.3,,
ESTAT:PRC_HICP_MIDX(1.0),06/02/26 23:00:00,M,I05,CP00,IT,2006-05,102.6,,
ESTAT:PRC_HICP_MIDX(1.0),06/02/26 23:00:00,M,I05,CP00,IT,2006-06,102.7,,
ESTAT:PRC_HICP_MIDX(1.0),06/02/26 23:00:00,M,I05,CP00,IT,2006-07,102.4,,
ESTAT:PRC_HICP_MIDX(1.0),06/02/26 23:00:00,M,I05,CP00,IT,2006-08,102.2,,
ESTAT:PRC_HICP_MIDX(1.0),06/02/26 23:00:00,M,I05,CP00,IT,2006-09,102.9,,
ESTAT:PRC_HICP_MIDX(1.0),06/02/26 23:00:00,M,I05,CP00,IT,2006-10,103.1,,
ESTAT:PRC_HICP_MIDX(1.0),06/02/26 23:00:00,M,I05,CP00,IT,2006-11,103.2,,
ESTAT:PRC_HICP_MIDX(1.0),06/02/26 23:00:00,M,I05,CP00,IT,2006-12,103.3,,
ESTAT:PRC_HICP_MIDX(1.0),06/02/26 23:00:00,M,I05,CP00,IT,2007-01,102.2,,
ESTAT:PRC_HICP_MIDX(1.0),06/02/26 23:00:00,M,I05,CP00,IT,2007-02,102.3,,
ESTAT:PRC_HICP_MIDX(1.0),06/02/26 23:00:00,M,I05,CP00,IT,2007-03,103.5,,
ESTAT:PRC_HICP_MIDX(1.0),06/02/26 23:00:00,M,I05,CP00,IT,2007-04,104.1,,
ESTAT:PRC_HICP_MIDX(1.0),06/02/26 23:00:00,M,I05,CP00,IT,2007-05,104.5,,
ESTAT:PRC_HICP_MIDX(1.0),06/02/26 23:00:00,M,I05,CP00,IT,2007-06,104.7,,
ESTAT:PRC_HICP_MIDX(1.0),06/02/26 23:00:00,M,I05,CP00,IT,2007-07,104.1,,
ESTAT:PRC_HICP_MIDX(1.0),06/02/26 23:00:00,M,I05,CP00,IT,2007-08,103.9,,
ESTAT:PRC_HICP_MIDX(1.0),06/02/26 23:00:00,M,I05,CP00,IT,2007-09,104.7,,
ESTAT:PRC_HICP_MIDX(1.0),06/02/26 23:00:00,M,I05,CP00,IT,2007-10,105.5,,
ESTAT:PRC_HICP_MIDX(1.0),06/02/26 23:00:00,M,I05,CP00,IT,2007-11,105.9,,
ESTAT:PRC_HICP_MIDX(1.0),06/02/26 23:00:00,M,I05,CP00,IT,2007-12,106.2,,
ESTAT:PRC_HICP_MIDX(1.0),06/02/26 23:00:00,M,I05,CP00,IT,2008-01,105.4,,
ESTAT:PRC_HICP_MIDX(1.0),06/02/26 23:00:00,M,I05,CP00,IT,2008-02,105.5,,
ESTAT:PRC_HICP_MIDX(1.0),06/02/26 23:00:00,M,I05,CP00,IT,2008-03,107.2,,
ESTAT:PRC_HICP_MIDX(1.0),06/02/26 23:00:00,M,I05,CP00,IT,2008-04,107.8,,
ESTAT:PRC_HICP_MIDX(1.0),06/02/26 23:00:00,M,I05,CP00,IT,2008-05,108.4,,
ESTAT:PRC_HICP_MIDX(1.0),06/02/26 23:00:00,M,I05,CP00,IT,2008-06,108.9,,
ESTAT:PRC_HICP_MIDX(1.0),06/02/26 23:00:00,M,I05,CP00,IT,2008-07,108.3,,
ESTAT:PRC_HICP_MIDX(1.0),06/02/26 23:00:00,M,I05,CP00,IT,2008-08,108.3,,
ESTAT:PRC_HICP_MIDX(1.0),06/02/26 23:00:00,M,I05,CP00,IT,2008-09,108.8,,
ESTAT:PRC_HICP_MIDX(1.0),06/02/26 23:00:00,M,I05,CP00,IT,2008-10,109.3,,
ESTAT:PRC_HICP_MIDX(1.0),06/02/26 23:00:00,M,I05,CP00,IT,2008-11,108.8,,
ESTAT:PRC_HICP_MIDX(1.0),06/02/26 23:00:00,M,I05,CP00,IT,2008-12,108.7,,
ESTAT:PRC_HICP_MIDX(1.0),06/02/26 23:00:00,M,I05,CP00,IT,2009-01,106.9,,
ESTAT:PRC_HICP_MIDX(1.0),06/02/26 23:00:00,M,I05,CP00,IT,2009-02,107.1,,
ESTAT:PRC_HICP_MIDX(1.0),06/02/26 23:00:00,M,I05,CP00,IT,2009-03,108.4,,
ESTAT:PRC_HICP_MIDX(1.0),06/02/26 23:00:00,M,I05,CP00,IT,2009-04,109.1,,
ESTAT:PRC_HICP_MIDX(1.0),06/02/26 23:00:00,M,I05,CP00,IT,2009-05,109.3,,
ESTAT:PRC_HICP_MIDX(1.0),06/02/26 23:00:00,M,I05,CP00,IT,2009-06,109.5,,
ESTAT:PRC_HICP_MIDX(1.0),06/02/26 23:00:00,M,I05,CP00,IT,2009-07,108.2,,
ESTAT:PRC_HICP_MIDX(1.0),06/02/26 23:00:00,M,I05,CP00,IT,2009-08,108.4,,
ESTAT:PRC_HICP_MIDX(1.0),06/02/26 23:00:00,M,I05,CP00,IT,2009-09,109.2,,
ESTAT:PRC_HICP_MIDX(1.0),06/02/26 23:00:00,M,I05,CP00,IT,2009-10,109.6,,
ESTAT:PRC_HICP_MIDX(1.0),06/02/26 23:00:00,M,I05,CP00,IT,2009-11,109.7,,
ESTAT:PRC_HICP_MIDX(1.0),06/02/26 23:00:00,M,I05,CP00,IT,2009-12,109.9,,
ESTAT:PRC_HICP_MIDX(1.0),06/02/26 23:00:00,M,I05,CP00,IT,2010-01,108.3,,
ESTAT:PRC_HICP_MIDX(1.0),06/02/26 23:00:00,M,I05,CP00,IT,2010-02,108.3,,
ESTAT:PRC_HICP_MIDX(1.0),06/02/26 23:00:00,M,I05,CP00,IT,2010-03,109.9,,
ESTAT:PRC_HICP_MIDX(1.0),06/02/26 23:00:00,M,I05,CP00,IT,2010-04,110.9,,
ESTAT:PRC_HICP_MIDX(1.0),06/02/26 23:00:00,M,I05,CP00,IT,2010-05,111.0,,
ESTAT:PRC_HICP_MIDX(1.0),06/02/26 23:00:00,M,I05,CP00,IT,2010-06,111.1,,
ESTAT:PRC_HICP_MIDX(1.0),06/02/26 23:00:00,M,I05,CP00,IT,2010-07,110.1,,
ESTAT:PRC_HICP_MIDX(1.0),06/02/26 23:00:00,M,I05,CP00,IT,2010-08,110.3,,
ESTAT:PRC_HICP_MIDX(1.0),06/02/26 23:00:00,M,I05,CP00,IT,2010-09,111.0,,
ESTAT:PRC_HICP_MIDX(1.0),06/02/26 23:00:00,M,I05,CP00,IT,2010-10,111.8,,
ESTAT:PRC_HICP_MIDX(1.0),06/02/26 23:00:00,M,I05,CP00,IT,2010-11,111.8,,
ESTAT:PRC_HICP_MIDX(1.0),06/02/26 23:00:00,M,I05,CP00,IT,2010-12,112.2,,
ESTAT:PRC_HICP_MIDX(1.0),06/02/26 23:00:00,M,I05,CP00,IT,2011-01,110.4,,
ESTAT:PRC_HICP_MIDX(1.0),06/02/26 23:00:00,M,I05,CP00,IT,2011-02,110.6,,
ESTAT:PRC_HICP_MIDX(1.0),06/02/26 23:00:00,M,I05,CP00,IT,2011-03,113.0,,
ESTAT:PRC_HICP_MIDX(1.0),06/02/26 23:00:00,M,I05,CP00,IT,2011-04,114.1,,
ESTAT:PRC_HICP_MIDX(1.0),06/02/26 23:00:00,M,I05,CP00,IT,2011-05,114.3,,
ESTAT:PRC_HICP_MIDX(1.0),06/02/26 23:00:00,M,I05,CP00,IT,2011-06,114.4,,
ESTAT:PRC_HICP_MIDX(1.0),06/02/26 23:00:00,M,I05,CP00,IT,2011-07,112.4,,
ESTAT:PRC_HICP_MIDX(1.0),06/02/26 23:00:00,M,I05,CP00,IT,2011-08,112.8,,
ESTAT:PRC_HICP_MIDX(1.0),06/02/26 23:00:00,M,I05,CP00,IT,2011-09,115.0,,
ESTAT:PRC_HICP_MIDX(1.0),06/02/26 23:00:00,M,I05,CP00,IT,2011-10,116.0,,
ESTAT:PRC_HICP_MIDX(1.0),06/02/26 23:00:00,M,I05,CP00,IT,2011-11,115.9,,
ESTAT:PRC_HICP_MIDX(1.0),06/02/26 23:00:00,M,I05,CP00,IT,2011-12,116.3,,
ESTAT:PRC_HICP_MIDX(1.0),06/02/26 23:00:00,M,I05,CP00,IT,2012-01,114.2,,
ESTAT:PRC_HICP_MIDX(1.0),06/02/26 23:00:00,M,I05,CP00,IT,2012-02,114.4,,
ESTAT:PRC_HICP_MIDX(1.0),06/02/26 23:00:00,M,I05,CP00,IT,2012-03,117.3,,
ESTAT:PRC_HICP_MIDX(1.0),06/02/26 23:00:00,M,I05,CP00,IT,2012-04,118.3,,
ESTAT:PRC_HICP_MIDX(1.0),06/02/26 23:00:00,M,I05,CP00,IT,2012-05,118.3,,
ESTAT:PRC_HICP_MIDX(1.0),06/02/26 23:00:00,M,I05,CP00,IT,2012-06,118.5,,
ESTAT:PRC_HICP_MIDX(1.0),06/02/26 23:00:00,M,I05,CP00,IT,2012-07,116.5,,
ESTAT:PRC_HICP_MIDX(1.0),06/02/26 23:00:00,M,I05,CP00,IT,2012-08,116.5,,
ESTAT:PRC_HICP_MIDX(1.0),06/02/26 23:00:00,M,I05,CP00,IT,2012-09,118.9,,
ESTAT:PRC_HICP_MIDX(1.0),06/02/26 23:00:00,M,I05,CP00,IT,2012-10,119.2,,
ESTAT:PRC_HICP_MIDX(1.0),06/02/26 23:00:00,M,I05,CP00,IT,2012-11,118.9,,
ESTAT:PRC_HICP_MIDX(1.0),06/02/26 23:00:00,M,I05,CP00,IT,2012-12,119.3,,
ESTAT:PRC_HICP_MIDX(1.0),06/02/26 23:00:00,M,I05,CP00,IT,2013-01,116.9,,
ESTAT:PRC_HICP_MIDX(1.0),06/02/26 23:00:00,M,I05,CP00,IT,2013-02,116.7,,
ESTAT:PRC_HICP_MIDX(1.0),06/02/26 23:00:00,M,I05,CP00,IT,2013-03,119.4,,
ESTAT:PRC_HICP_MIDX(1.0),06/02/26 23:00:00,M,I05,CP00,IT,2013-04,119.8,,
ESTAT:PRC_HICP_MIDX(1.0),06/02/26 23:00:00,M,I05,CP00,IT,2013-05,119.8,,
ESTAT:PRC_HICP_MIDX(1.0),06/02/26 23:00:00,M,I05,CP00,IT,2013-06,120.1,,
ESTAT:PRC_HICP_MIDX(1.0),06/02/26 23:00:00,M,I05,CP00,IT,2013-07,117.9,,
ESTAT:PRC_HICP_MIDX(1.0),06/02/26 23:00:00,M,I05,CP00,IT,2013-08,117.9,,
ESTAT:PRC_HICP_MIDX(1.0),06/02/26 23:00:00,M,I05,CP00,IT,2013-09,120.0,,
ESTAT:PRC_HICP_MIDX(1.0),06/02/26 23:00:00,M,I05,CP00,IT,2013-10,120.1,,
ESTAT:PRC_HICP_MIDX(1.0),06/02/26 23:00:00,M,I05,CP00,IT,2013-11,119.7,,
ESTAT:PRC_HICP_MIDX(1.0),06/02/26 23:00:00,M,I05,CP00,IT,2013-12,120.1,,
ESTAT:PRC_HICP_MIDX(1.0),06/02/26 23:00:00,M,I05,CP00,IT,2014-01,117.6,,
ESTAT:PRC_HICP_MIDX(1.0),06/02/26 23:00:00,M,I05,CP00,IT,2014-02,117.2,,
ESTAT:PRC_HICP_MIDX(1.0),06/02/26 23:00:00,M,I05,CP00,IT,2014-03,119.8,,
ESTAT:PRC_HICP_MIDX(1.0),06/02/26 23:00:00,M,I05,CP00,IT,2014-04,120.4,,
ESTAT:PRC_HICP_MIDX(1.0),06/02/26 23:00:00,M,I05,CP00,IT,2014-05,120.3,,
ESTAT:PRC_HICP_MIDX(1.0),06/02/26 23:00:00,M,I05,CP00,IT,2014-06,120.4,,
ESTAT:PRC_HICP_MIDX(1.0),06/02/26 23:00:00,M,I05,CP00,IT,2014-07,117.9,,
ESTAT:PRC_HICP_MIDX(1.0),06/02/26 23:00:00,M,I05,CP00,IT,2014-08,117.7,,
ESTAT:PRC_HICP_MIDX(1.0),06/02/26 23:00:00,M,I05,CP00,IT,2014-09,119.9,,
ESTAT:PRC_HICP_MIDX(1.0),06/02/26 23:00:00,M,I05,CP00,IT,2014-10,120.3,,
ESTAT:PRC_HICP_MIDX(1.0),06/02/26 23:00:00,M,I05,CP00,IT,2014-11,120.0,,
ESTAT:PRC_HICP_MIDX(1.0),06/02/26 23:00:00,M,I05,CP00,IT,2014-12,120.0,,
ESTAT:PRC_HICP_MIDX(1.0),06/02/26 23:00:00,M,I05,CP00,IT,2015-01,117.0,,
ESTAT:PRC_HICP_MIDX(1.0),06/02/26 23:00:00,M,I05,CP00,IT,2015-02,117.3,,
ESTAT:PRC_HICP_MIDX(1.0),06/02/26 23:00:00,M,I05,CP00,IT,2015-03,119.8,,
ESTAT:PRC_HICP_MIDX(1.0),06/02/26 23:00:00,M,I05,CP00,IT,2015-04,120.3,,
ESTAT:PRC_HICP_MIDX(1.0),06/02/26 23:00:00,M,I05,CP00,IT,2015-05,120.5,,
ESTAT:PRC_HICP_MIDX(1.0),06/02/26 23:00:00,M,I05,CP00,IT,2015-06,120.7,,
ESTAT:PRC_HICP_MIDX(1.0),06/02/26 23:00:00,M,I05,CP00,IT,2015-07,118.3,,
ESTAT:PRC_HICP_MIDX(1.0),06/02/26 23:00:00,M,I05,CP00,IT,2015-08,118.2,,
ESTAT:PRC_HICP_MIDX(1.0),06/02/26 23:00:00,M,I05,CP00,IT,2015-09,120.1,,
ESTAT:PRC_HICP_MIDX(1.0),06/02/26 23:00:00,M,I05,CP00,IT,2015-10,120.7,,
ESTAT:PRC_HICP_MIDX(1.0),06/02/26 23:00:00,M,I05,CP00,IT,2015-11,120.2,,
ESTAT:PRC_HICP_MIDX(1.0),06/02/26 23:00:00,M,I05,CP00,IT,2015-12,120.1,,
ESTAT:PRC_HICP_MIDX(1.0),06/02/26 23:00:00,M,I05,CP00,IT,2016-01,117.5,,
ESTAT:PRC_HICP_MIDX(1.0),06/02/26 23:00:00,M,I05,CP00,IT,2016-02,117.0,,
ESTAT:PRC_HICP_MIDX(1.0),06/02/26 23:00:00,M,I05,CP00,IT,2016-03,119.5,,
ESTAT:PRC_HICP_MIDX(1.0),06/02/26 23:00:00,M,I05,CP00,IT,2016-04,119.8,,
ESTAT:PRC_HICP_MIDX(1.0),06/02/26 23:00:00,M,I05,CP00,IT,2016-05,120.1,,
ESTAT:PRC_HICP_MIDX(1.0),06/02/26 23:00:00,M,I05,CP00,IT,2016-06,120.3,,
ESTAT:PRC_HICP_MIDX(1.0),06/02/26 23:00:00,M,I05,CP00,IT,2016-07,118.2,,
ESTAT:PRC_HICP_MIDX(1.0),06/02/26 23:00:00,M,I05,CP00,IT,2016-08,118.0,,
ESTAT:PRC_HICP_MIDX(1.0),06/02/26 23:00:00,M,I05,CP00,IT,2016-09,120.3,,
ESTAT:PRC_HICP_MIDX(1.0),06/02/26 23:00:00,M,I05,CP00,IT,2016-10,120.5,,
ESTAT:PRC_HICP_MIDX(1.0),06/02/26 23:00:00,M,I05,CP00,IT,2016-11,120.3,,
ESTAT:PRC_HICP_MIDX(1.0),06/02/26 23:00:00,M,I05,CP00,IT,2016-12,120.8,,
ESTAT:PRC_HICP_MIDX(1.0),06/02/26 23:00:00,M,I05,CP00,IT,2017-01,118.7,,
ESTAT:PRC_HICP_MIDX(1.0),06/02/26 23:00:00,M,I05,CP00,IT,2017-02,118.9,,
ESTAT:PRC_HICP_MIDX(1.0),06/02/26 23:00:00,M,I05,CP00,IT,2017-03,121.2,,
ESTAT:PRC_HICP_MIDX(1.0),06/02/26 23:00:00,M,I05,CP00,IT,2017-04,122.1,,
ESTAT:PRC_HICP_MIDX(1.0),06/02/26 23:00:00,M,I05,CP00,IT,2017-05,122.0,,
ESTAT:PRC_HICP_MIDX(1.0),06/02/26 23:00:00,M,I05,CP00,IT,2017-06,121.9,,
ESTAT:PRC_HICP_MIDX(1.0),06/02/26 23:00:00,M,I05,CP00,IT,2017-07,119.5,,
ESTAT:PRC_HICP_MIDX(1.0),06/02/26 23:00:00,M,I05,CP00,IT,2017-08,119.6,,
ESTAT:PRC_HICP_MIDX(1.0),06/02/26 23:00:00,M,I05,CP00,IT,2017-09,121.8,,
ESTAT:PRC_HICP_MIDX(1.0),06/02/26 23:00:00,M,I05,CP00,IT,2017-10,121.8,,
ESTAT:PRC_HICP_MIDX(1.0),06/02/26 23:00:00,M,I05,CP00,IT,2017-11,121.6,,
ESTAT:PRC_HICP_MIDX(1.0),06/02/26 23:00:00,M,I05,CP00,IT,2017-12,122.0,,
ESTAT:PRC_HICP_MIDX(1.0),06/02/26 23:00:00,M,I05,CP00,IT,2018-01,120.1,,
ESTAT:PRC_HICP_MIDX(1.0),06/02/26 23:00:00,M,I05,CP00,IT,2018-02,119.6,,
ESTAT:PRC_HICP_MIDX(1.0),06/02/26 23:00:00,M,I05,CP00,IT,2018-03,122.3,,
ESTAT:PRC_HICP_MIDX(1.0),06/02/26 23:00:00,M,I05,CP00,IT,2018-04,122.9,,
ESTAT:PRC_HICP_MIDX(1.0),06/02/26 23:00:00,M,I05,CP00,IT,2018-05,123.3,,
ESTAT:PRC_HICP_MIDX(1.0),06/02/26 23:00:00,M,I05,CP00,IT,2018-06,123.5,,
ESTAT:PRC_HICP_MIDX(1.0),06/02/26 23:00:00,M,I05,CP00,IT,2018-07,121.8,,
ESTAT:PRC_HICP_MIDX(1.0),06/02/26 23:00:00,M,I05,CP00,IT,2018-08,121.6,,
ESTAT:PRC_HICP_MIDX(1.0),06/02/26 23:00:00,M,I05,CP00,IT,2018-09,123.6,,
ESTAT:PRC_HICP_MIDX(1.0),06/02/26 23:00:00,M,I05,CP00,IT,2018-10,123.8,,
ESTAT:PRC_HICP_MIDX(1.0),06/02/26 23:00:00,M,I05,CP00,IT,2018-11,123.5,,
ESTAT:PRC_HICP_MIDX(1.0),06/02/26 23:00:00,M,I05,CP00,IT,2018-12,123.4,,
ESTAT:PRC_HICP_MIDX(1.0),06/02/26 23:00:00,M,I05,CP00,IT,2019-01,121.2,,
ESTAT:PRC_HICP_MIDX(1.0),06/02/26 23:00:00,M,I05,CP00,IT,2019-02,120.9,,
ESTAT:PRC_HICP_MIDX(1.0),06/02/26 23:00:00,M,I05,CP00,IT,2019-03,123.6,,
ESTAT:PRC_HICP_MIDX(1.0),06/02/26 23:00:00,M,I05,CP00,IT,2019-04,124.2,,
ESTAT:PRC_HICP_MIDX(1.0),06/02/26 23:00:00,M,I05,CP00,IT,2019-05,124.3,,
ESTAT:PRC_HICP_MIDX(1.0),06/02/26 23:00:00,M,I05,CP00,IT,2019-06,124.4,,
ESTAT:PRC_HICP_MIDX(1.0),06/02/26 23:00:00,M,I05,CP00,IT,2019-07,122.1,,
ESTAT:PRC_HICP_MIDX(1.0),06/02/26 23:00:00,M,I05,CP00,IT,2019-08,122.2,,
ESTAT:PRC_HICP_MIDX(1.0),06/02/26 23:00:00,M,I05,CP00,IT,2019-09,123.9,,
ESTAT:PRC_HICP_MIDX(1.0),06/02/26 23:00:00,M,I05,CP00,IT,2019-10,124.0,,
ESTAT:PRC_HICP_MIDX(1.0),06/02/26 23:00:00,M,I05,CP00,IT,2019-11,123.8,,
ESTAT:PRC_HICP_MIDX(1.0),06/02/26 23:00:00,M,I05,CP00,IT,2019-12,123.9,,
ESTAT:PRC_HICP_MIDX(1.0),06/02/26 23:00:00,M,I05,CP00,IT,2020-01,121.7,,
ESTAT:PRC_HICP_MIDX(1.0),06/02/26 23:00:00,M,I05,CP00,IT,2020-02,121.1,,
ESTAT:PRC_HICP_MIDX(1.0),06/02/26 23:00:00,M,I05,CP00,IT,2020-03,123.8,,
ESTAT:PRC_HICP_MIDX(1.0),06/02/26 23:00:00,M,I05,CP00,IT,2020-04,124.3,,
ESTAT:PRC_HICP_MIDX(1.0),06/02/26 23:00:00,M,I05,CP00,IT,2020-05,124.0,,
ESTAT:PRC_HICP_MIDX(1.0),06/02/26 23:00:00,M,I05,CP00,IT,2020-06,124.0,,
ESTAT:PRC_HICP_MIDX(1.0),06/02/26 23:00:00,M,I05,CP00,IT,2020-07,123.1,,
ESTAT:PRC_HICP_MIDX(1.0),06/02/26 23:00:00,M,I05,CP00,IT,2020-08,121.5,,
ESTAT:PRC_HICP_MIDX(1.0),06/02/26 23:00:00,M,I05,CP00,IT,2020-09,122.6,,
ESTAT:PRC_HICP_MIDX(1.0),06/02/26 23:00:00,M,I05,CP00,IT,2020-10,123.4,,
ESTAT:PRC_HICP_MIDX(1.0),06/02/26 23:00:00,M,I05,CP00,IT,2020-11,123.3,,
ESTAT:PRC_HICP_MIDX(1.0),06/02/26 23:00:00,M,I05,CP00,IT,2020-12,123.6,,
ESTAT:PRC_HICP_MIDX(1.0),06/02/26 23:00:00,M,I05,CP00,IT,2021-01,122.5,,
ESTAT:PRC_HICP_MIDX(1.0),06/02/26 23:00:00,M,I05,CP00,IT,2021-02,122.3,,
ESTAT:PRC_HICP_MIDX(1.0),06/02/26 23:00:00,M,I05,CP00,IT,2021-03,124.4,,
ESTAT:PRC_HICP_MIDX(1.0),06/02/26 23:00:00,M,I05,CP00,IT,2021-04,125.5,,
ESTAT:PRC_HICP_MIDX(1.0),06/02/26 23:00:00,M,I05,CP00,IT,2021-05,125.5,,
ESTAT:PRC_HICP_MIDX(1.0),06/02/26 23:00:00,M,I05,CP00,IT,2021-06,125.6,,
ESTAT:PRC_HICP_MIDX(1.0),06/02/26 23:00:00,M,I05,CP00,IT,2021-07,124.4,,
ESTAT:PRC_HICP_MIDX(1.0),06/02/26 23:00:00,M,I05,CP00,IT,2021-08,124.6,,
ESTAT:PRC_HICP_MIDX(1.0),06/02/26 23:00:00,M,I05,CP00,IT,2021-09,126.2,,
ESTAT:PRC_HICP_MIDX(1.0),06/02/26 23:00:00,M,I05,CP00,IT,2021-10,127.4,,
ESTAT:PRC_HICP_MIDX(1.0),06/02/26 23:00:00,M,I05,CP00,IT,2021-11,128.2,,
ESTAT:PRC_HICP_MIDX(1.0),06/02/26 23:00:00,M,I05,CP00,IT,2021-12,128.8,,
ESTAT:PRC_HICP_MIDX(1.0),06/02/26 23:00:00,M,I05,CP00,IT,2022-01,128.7,,
ESTAT:PRC_HICP_MIDX(1.0),06/02/26 23:00:00,M,I05,CP00,IT,2022-02,129.8,,
ESTAT:PRC_HICP_MIDX(1.0),06/02/26 23:00:00,M,I05,CP00,IT,2022-03,133.0,,
ESTAT:PRC_HICP_MIDX(1.0),06/02/26 23:00:00,M,I05,CP00,IT,2022-04,133.4,,
ESTAT:PRC_HICP_MIDX(1.0),06/02/26 23:00:00,M,I05,CP00,IT,2022-05,134.7,,
ESTAT:PRC_HICP_MIDX(1.0),06/02/26 23:00:00,M,I05,CP00,IT,2022-06,136.3,,
ESTAT:PRC_HICP_MIDX(1.0),06/02/26 23:00:00,M,I05,CP00,IT,2022-07,134.7,,
ESTAT:PRC_HICP_MIDX(1.0),06/02/26 23:00:00,M,I05,CP00,IT,2022-08,135.9,,
ESTAT:PRC_HICP_MIDX(1.0),06/02/26 23:00:00,M,I05,CP00,IT,2022-09,138.1,,
ESTAT:PRC_HICP_MIDX(1.0),06/02/26 23:00:00,M,I05,CP00,IT,2022-10,143.3,,
ESTAT:PRC_HICP_MIDX(1.0),06/02/26 23:00:00,M,I05,CP00,IT,2022-11,144.2,,
ESTAT:PRC_HICP_MIDX(1.0),06/02/26 23:00:00,M,I05,CP00,IT,2022-12,144.6,,
ESTAT:PRC_HICP_MIDX(1.0),06/02/26 23:00:00,M,I05,CP00,IT,2023-01,142.5,,
ESTAT:PRC_HICP_MIDX(1.0),06/02/26 23:00:00,M,I05,CP00,IT,2023-02,142.6,,
ESTAT:PRC_HICP_MIDX(1.0),06/02/26 23:00:00,M,I05,CP00,IT,2023-03,143.7,,
ESTAT:PRC_HICP_MIDX(1.0),06/02/26 23:00:00,M,I05,CP00,IT,2023-04,144.9,,
ESTAT:PRC_HICP_MIDX(1.0),06/02/26 23:00:00,M,I05,CP00,IT,2023-05,145.4,,
ESTAT:PRC_HICP_MIDX(1.0),06/02/26 23:00:00,M,I05,CP00,IT,2023-06,145.4,,
ESTAT:PRC_HICP_MIDX(1.0),06/02/26 23:00:00,M,I05,CP00,IT,2023-07,143.2,,
ESTAT:PRC_HICP_MIDX(1.0),06/02/26 23:00:00,M,I05,CP00,IT,2023-08,143.4,,
ESTAT:PRC_HICP_MIDX(1.0),06/02/26 23:00:00,M,I05,CP00,IT,2023-09,145.9,,
ESTAT:PRC_HICP_MIDX(1.0),06/02/26 23:00:00,M,I05,CP00,IT,2023-10,146.0,,
ESTAT:PRC_HICP_MIDX(1.0),06/02/26 23:00:00,M,I05,CP00,IT,2023-11,145.2,,
ESTAT:PRC_HICP_MIDX(1.0),06/02/26 23:00:00,M,I05,CP00,IT,2023-12,145.4,,
ESTAT:PRC_HICP_MIDX(1.0),06/02/26 23:00:00,M,I05,CP00,IT,2024-01,143.9,,
ESTAT:PRC_HICP_MIDX(1.0),06/02/26 23:00:00,M,I05,CP00,IT,2024-02,143.8,,
ESTAT:PRC_HICP_MIDX(1.0),06/02/26 23:00:00,M,I05,CP00,IT,2024-03,145.4,,
ESTAT:PRC_HICP_MIDX(1.0),06/02/26 23:00:00,M,I05,CP00,IT,2024-04,146.2,,
ESTAT:PRC_HICP_MIDX(1.0),06/02/26 23:00:00,M,I05,CP00,IT,2024-05,146.6,,
ESTAT:PRC_HICP_MIDX(1.0),06/02/26 23:00:00,M,I05,CP00,IT,2024-06,146.8,,
ESTAT:PRC_HICP_MIDX(1.0),06/02/26 23:00:00,M,I05,CP00,IT,2024-07,145.5,,
ESTAT:PRC_HICP_MIDX(1.0),06/02/26 23:00:00,M,I05,CP00,IT,2024-08,145.2,,
ESTAT:PRC_HICP_MIDX(1.0),06/02/26 23:00:00,M,I05,CP00,IT,2024-09,146.9,,
ESTAT:PRC_HICP_MIDX(1.0),06/02/26 23:00:00,M,I05,CP00,IT,2024-10,147.4,,
ESTAT:PRC_HICP_MIDX(1.0),06/02/26 23:00:00,M,I05,CP00,IT,2024-11,147.2,,
ESTAT:PRC_HICP_MIDX(1.0),06/02/26 23:00:00,M,I05,CP00,IT,2024-12,147.4,,
ESTAT:PRC_HICP_MIDX(1.0),06/02/26 23:00:00,M,I05,CP00,IT,2025-01,146.2,,
ESTAT:PRC_HICP_MIDX(1.0),06/02/26 23:00:00,M,I05,CP00,IT,2025-02,146.3,,
ESTAT:PRC_HICP_MIDX(1.0),06/02/26 23:00:00,M,I05,CP00,IT,2025-03,148.5,,
ESTAT:PRC_HICP_MIDX(1.0),06/02/26 23:00:00,M,I05,CP00,IT,2025-04,149.2,,
ESTAT:PRC_HICP_MIDX(1.0),06/02/26 23:00:00,M,I05,CP00,IT,2025-05,149.1,,
ESTAT:PRC_HICP_MIDX(1.0),06/02/26 23:00:00,M,I05,CP00,IT,2025-06,149.4,,
ESTAT:PRC_HICP_MIDX(1.0),06/02/26 23:00:00,M,I05,CP00,IT,2025-07,148.0,,
ESTAT:PRC_HICP_MIDX(1.0),06/02/26 23:00:00,M,I05,CP00,IT,2025-08,147.6,,
ESTAT:PRC_HICP_MIDX(1.0),06/02/26 23:00:00,M,I05,CP00,IT,2025-09,149.5,,
ESTAT:PRC_HICP_MIDX(1.0),06/02/26 23:00:00,M,I05,CP00,IT,2025-10,149.3,,
ESTAT:PRC_HICP_MIDX(1.0),06/02/26 23:00:00,M,I05,CP00,IT,2025-11,148.9,,
ESTAT:PRC_HICP_MIDX(1.0),06/02/26 23:00:00,M,I05,CP00,IT,2025-12,149.2,,
ESTAT:PRC_HICP_MIDX(1.0),06/02/26 23:00:00,M,I15,CP00,IT,2005-01,82.2,,
ESTAT:PRC_HICP_MIDX(1.0),06/02/26 23:00:00,M,I15,CP00,IT,2005-02,82.1,,
ESTAT:PRC_HICP_MIDX(1.0),06/02/26 23:00:00,M,I15,CP00,IT,2005-03,83.1,,
ESTAT:PRC_HICP_MIDX(1.0),06/02/26 23:00:00,M,I15,CP00,IT,2005-04,83.7,,
ESTAT:PRC_HICP_MIDX(1.0),06/02/26 23:00:00,M,I15,CP00,IT,2005-05,84.0,,
ESTAT:PRC_HICP_MIDX(1.0),06/02/26 23:00:00,M,I15,CP00,IT,2005-06,84.0,,
ESTAT:PRC_HICP_MIDX(1.0),06/02/26 23:00:00,M,I15,CP00,IT,2005-07,83.8,,
ESTAT:PRC_HICP_MIDX(1.0),06/02/26 23:00:00,M,I15,CP00,IT,2005-08,83.7,,
ESTAT:PRC_HICP_MIDX(1.0),06/02/26 23:00:00,M,I15,CP00,IT,2005-09,84.1,,
ESTAT:PRC_HICP_MIDX(1.0),06/02/26 23:00:00,M,I15,CP00,IT,2005-10,84.7,,
ESTAT:PRC_HICP_MIDX(1.0),06/02/26 23:00:00,M,I15,CP00,IT,2005-11,84.7,,
ESTAT:PRC_HICP_MIDX(1.0),06/02/26 23:00:00,M,I15,CP00,IT,2005-12,84.7,,
ESTAT:PRC_HICP_MIDX(1.0),06/02/26 23:00:00,M,I15,CP00,IT,2006-01,84.0,,
ESTAT:PRC_HICP_MIDX(1.0),06/02/26 23:00:00,M,I15,CP00,IT,2006-02,83.9,,
ESTAT:PRC_HICP_MIDX(1.0),06/02/26 23:00:00,M,I15,CP00,IT,2006-03,84.9,,
ESTAT:PRC_HICP_MIDX(1.0),06/02/26 23:00:00,M,I15,CP00,IT,2006-04,85.7,,
ESTAT:PRC_HICP_MIDX(1.0),06/02/26 23:00:00,M,I15,CP00,IT,2006-05,85.9,,
ESTAT:PRC_HICP_MIDX(1.0),06/02/26 23:00:00,M,I15,CP00,IT,2006-06,86.0,,
ESTAT:PRC_HICP_MIDX(1.0),06/02/26 23:00:00,M,I15,CP00,IT,2006-07,85.8,,
ESTAT:PRC_HICP_MIDX(1.0),06/02/26 23:00:00,M,I15,CP00,IT,2006-08,85.6,,
ESTAT:PRC_HICP_MIDX(1.0),06/02/26 23:00:00,M,I15,CP00,IT,2006-09,86.2,,
ESTAT:PRC_HICP_MIDX(1.0),06/02/26 23:00:00,M,I15,CP00,IT,2006-10,86.3,,
ESTAT:PRC_HICP_MIDX(1.0),06/02/26 23:00:00,M,I15,CP00,IT,2006-11,86.4,,
ESTAT:PRC_HICP_MIDX(1.0),06/02/26 23:00:00,M,I15,CP00,IT,2006-12,86.5,,
ESTAT:PRC_HICP_MIDX(1.0),06/02/26 23:00:00,M,I15,CP00,IT,2007-01,85.6,,
ESTAT:PRC_HICP_MIDX(1.0),06/02/26 23:00:00,M,I15,CP00,IT,2007-02,85.7,,
ESTAT:PRC_HICP_MIDX(1.0),06/02/26 23:00:00,M,I15,CP00,IT,2007-03,86.6,,
ESTAT:PRC_HICP_MIDX(1.0),06/02/26 23:00:00,M,I15,CP00,IT,2007-04,87.2,,
ESTAT:PRC_HICP_MIDX(1.0),06/02/26 23:00:00,M,I15,CP00,IT,2007-05,87.5,,
ESTAT:PRC_HICP_MIDX(1.0),06/02/26 23:00:00,M,I15,CP00,IT,2007-06,87.7,,
ESTAT:PRC_HICP_MIDX(1.0),06/02/26 23:00:00,M,I15,CP00,IT,2007-07,87.2,,
ESTAT:PRC_HICP_MIDX(1.0),06/02/26 23:00:00,M,I15,CP00,IT,2007-08,87.0,,
ESTAT:PRC_HICP_MIDX(1.0),06/02/26 23:00:00,M,I15,CP00,IT,2007-09,87.7,,
ESTAT:PRC_HICP_MIDX(1.0),06/02/26 23:00:00,M,I15,CP00,IT,2007-10,88.3,,
ESTAT:PRC_HICP_MIDX(1.0),06/02/26 23:00:00,M,I15,CP00,IT,2007-11,88.6,,
ESTAT:PRC_HICP_MIDX(1.0),06/02/26 23:00:00,M,I15,CP00,IT,2007-12,88.9,,
ESTAT:PRC_HICP_MIDX(1.0),06/02/26 23:00:00,M,I15,CP00,IT,2008-01,88.3,,
ESTAT:PRC_HICP_MIDX(1.0),06/02/26 23:00:00,M,I15,CP00,IT,2008-02,88.3,,
ESTAT:PRC_HICP_MIDX(1.0),06/02/26 23:00:00,M,I15,CP00,IT,2008-03,89.7,,
ESTAT:PRC_HICP_MIDX(1.0),06/02/26 23:00:00,M,I15,CP00,IT,2008-04,90.2,,
ESTAT:PRC_HICP_MIDX(1.0),06/02/26 23:00:00,M,I15,CP00,IT,2008-05,90.8,,
ESTAT:PRC_HICP_MIDX(1.0),06/02/26 23:00:00,M,I15,CP00,IT,2008-06,91.2,,
ESTAT:PRC_HICP_MIDX(1.0),06/02/26 23:00:00,M,I15,CP00,IT,2008-07,90.7,,
ESTAT:PRC_HICP_MIDX(1.0),06/02/26 23:00:00,M,I15,CP00,IT,2008-08,90.7,,
ESTAT:PRC_HICP_MIDX(1.0),06/02/26 23:00:00,M,I15,CP00,IT,2008-09,91.1,,
ESTAT:PRC_HICP_MIDX(1.0),06/02/26 23:00:00,M,I15,CP00,IT,2008-10,91.5,,
ESTAT:PRC_HICP_MIDX(1.0),06/02/26 23:00:00,M,I15,CP00,IT,2008-11,91.1,,
ESTAT:PRC_HICP_MIDX(1.0),06/02/26 23:00:00,M,I15,CP00,IT,2008-12,91.0,,
ESTAT:PRC_HICP_MIDX(1.0),06/02/26 23:00:00,M,I15,CP00,IT,2009-01,89.5,,
ESTAT:PRC_HICP_MIDX(1.0),06/02/26 23:00:00,M,I15,CP00,IT,2009-02,89.7,,
ESTAT:PRC_HICP_MIDX(1.0),06/02/26 23:00:00,M,I15,CP00,IT,2009-03,90.7,,
ESTAT:PRC_HICP_MIDX(1.0),06/02/26 23:00:00,M,I15,CP00,IT,2009-04,91.3,,
ESTAT:PRC_HICP_MIDX(1.0),06/02/26 23:00:00,M,I15,CP00,IT,2009-05,91.5,,
ESTAT:PRC_HICP_MIDX(1.0),06/02/26 23:00:00,M,I15,CP00,IT,2009-06,91.7,,
ESTAT:PRC_HICP_MIDX(1.0),06/02/26 23:00:00,M,I15,CP00,IT,2009-07,90.6,,
ESTAT:PRC_HICP_MIDX(1.0),06/02/26 23:00:00,M,I15,CP00,IT,2009-08,90.8,,
ESTAT:PRC_HICP_MIDX(1.0),06/02/26 23:00:00,M,I15,CP00,IT,2009-09,91.4,,
ESTAT:PRC_HICP_MIDX(1.0),06/02/26 23:00:00,M,I15,CP00,IT,2009-10,91.8,,
ESTAT:PRC_HICP_MIDX(1.0),06/02/26 23:00:00,M,I15,CP00,IT,2009-11,91.9,,
ESTAT:PRC_HICP_MIDX(1.0),06/02/26 23:00:00,M,I15,CP00,IT,2009-12,92.0,,
ESTAT:PRC_HICP_MIDX(1.0),06/02/26 23:00:00,M,I15,CP00,IT,2010-01,90.7,,
ESTAT:PRC_HICP_MIDX(1.0),06/02/26 23:00:00,M,I15,CP00,IT,2010-02,90.6,,
ESTAT:PRC_HICP_MIDX(1.0),06/02/26 23:00:00,M,I15,CP00,IT,2010-03,92.0,,
ESTAT:PRC_HICP_MIDX(1.0),06/02/26 23:00:00,M,I15,CP00,IT,2010-04,92.9,,
ESTAT:PRC_HICP_MIDX(1.0),06/02/26 23:00:00,M,I15,CP00,IT,2010-05,92.9,,
ESTAT:PRC_HICP_MIDX(1.0),06/02/26 23:00:00,M,I15,CP00,IT,2010-06,93.0,,
ESTAT:PRC_HICP_MIDX(1.0),06/02/26 23:00:00,M,I15,CP00,IT,2010-07,92.2,,
ESTAT:PRC_HICP_MIDX(1.0),06/02/26 23:00:00,M,I15,CP00,IT,2010-08,92.3,,
ESTAT:PRC_HICP_MIDX(1.0),06/02/26 23:00:00,M,I15,CP00,IT,2010-09,92.9,,
ESTAT:PRC_HICP_MIDX(1.0),06/02/26 23:00:00,M,I15,CP00,IT,2010-10,93.6,,
ESTAT:PRC_HICP_MIDX(1.0),06/02/26 23:00:00,M,I15,CP00,IT,2010-11,93.6,,
ESTAT:PRC_HICP_MIDX(1.0),06/02/26 23:00:00,M,I15,CP00,IT,2010-12,93.9,,
ESTAT:PRC_HICP_MIDX(1.0),06/02/26 23:00:00,M,I15,CP00,IT,2011-01,92.5,,
ESTAT:PRC_HICP_MIDX(1.0),06/02/26 23:00:00,M,I15,CP00,IT,2011-02,92.6,,
ESTAT:PRC_HICP_MIDX(1.0),06/02/26 23:00:00,M,I15,CP00,IT,2011-03,94.6,,
ESTAT:PRC_HICP_MIDX(1.0),06/02/26 23:00:00,M,I15,CP00,IT,2011-04,95.6,,
ESTAT:PRC_HICP_MIDX(1.0),06/02/26 23:00:00,M,I15,CP00,IT,2011-05,95.7,,
ESTAT:PRC_HICP_MIDX(1.0),06/02/26 23:00:00,M,I15,CP00,IT,2011-06,95.8,,
ESTAT:PRC_HICP_MIDX(1.0),06/02/26 23:00:00,M,I15,CP00,IT,2011-07,94.1,,
ESTAT:PRC_HICP_MIDX(1.0),06/02/26 23:00:00,M,I15,CP00,IT,2011-08,94.4,,
ESTAT:PRC_HICP_MIDX(1.0),06/02/26 23:00:00,M,I15,CP00,IT,2011-09,96.3,,
ESTAT:PRC_HICP_MIDX(1.0),06/02/26 23:00:00,M,I15,CP00,IT,2011-10,97.1,,
ESTAT:PRC_HICP_MIDX(1.0),06/02/26 23:00:00,M,I15,CP00,IT,2011-11,97.1,,
ESTAT:PRC_HICP_MIDX(1.0),06/02/26 23:00:00,M,I15,CP00,IT,2011-12,97.4,,
ESTAT:PRC_HICP_MIDX(1.0),06/02/26 23:00:00,M,I15,CP00,IT,2012-01,95.6,,
ESTAT:PRC_HICP_MIDX(1.0),06/02/26 23:00:00,M,I15,CP00,IT,2012-02,95.8,,
ESTAT:PRC_HICP_MIDX(1.0),06/02/26 23:00:00,M,I15,CP00,IT,2012-03,98.2,,
ESTAT:PRC_HICP_MIDX(1.0),06/02/26 23:00:00,M,I15,CP00,IT,2012-04,99.1,,
ESTAT:PRC_HICP_MIDX(1.0),06/02/26 23:00:00,M,I15,CP00,IT,2012-05,99.1,,
ESTAT:PRC_HICP_MIDX(1.0),06/02/26 23:00:00,M,I15,CP00,IT,2012-06,99.3,,
ESTAT:PRC_HICP_MIDX(1.0),06/02/26 23:00:00,M,I15,CP00,IT,2012-07,97.5,,
ESTAT:PRC_HICP_MIDX(1.0),06/02/26 23:00:00,M,I15,CP00,IT,2012-08,97.6,,
ESTAT:PRC_HICP_MIDX(1.0),06/02/26 23:00:00,M,I15,CP00,IT,2012-09,99.6,,
ESTAT:PRC_HICP_MIDX(1.0),06/02/26 23:00:00,M,I15,CP00,IT,2012-10,99.8,,
ESTAT:PRC_HICP_MIDX(1.0),06/02/26 23:00:00,M,I15,CP00,IT,2012-11,99.6,,
ESTAT:PRC_HICP_MIDX(1.0),06/02/26 23:00:00,M,I15,CP00,IT,2012-12,99.9,,
ESTAT:PRC_HICP_MIDX(1.0),06/02/26 23:00:00,M,I15,CP00,IT,2013-01,97.9,,
ESTAT:PRC_HICP_MIDX(1.0),06/02/26 23:00:00,M,I15,CP00,IT,2013-02,97.7,,
ESTAT:PRC_HICP_MIDX(1.0),06/02/26 23:00:00,M,I15,CP00,IT,2013-03,100.0,,
ESTAT:PRC_HICP_MIDX(1.0),06/02/26 23:00:00,M,I15,CP00,IT,2013-04,100.3,,
ESTAT:PRC_HICP_MIDX(1.0),06/02/26 23:00:00,M,I15,CP00,IT,2013-05,100.3,,
ESTAT:PRC_HICP_MIDX(1.0),06/02/26 23:00:00,M,I15,CP00,IT,2013-06,100.5,,
ESTAT:PRC_HICP_MIDX(1.0),06/02/26 23:00:00,M,I15,CP00,IT,2013-07,98.7,,
ESTAT:PRC_HICP_MIDX(1.0),06/02/26 23:00:00,M,I15,CP00,IT,2013-08,98.7,,
ESTAT:PRC_HICP_MIDX(1.0),06/02/26 23:00:00,M,I15,CP00,IT,2013-09,100.5,,
ESTAT:PRC_HICP_MIDX(1.0),06/02/26 23:00:00,M,I15,CP00,IT,2013-10,100.5,,
ESTAT:PRC_HICP_MIDX(1.0),06/02/26 23:00:00,M,I15,CP00,IT,2013-11,100.2,,
ESTAT:PRC_HICP_MIDX(1.0),06/02/26 23:00:00,M,I15,CP00,IT,2013-12,100.5,,
ESTAT:PRC_HICP_MIDX(1.0),06/02/26 23:00:00,M,I15,CP00,IT,2014-01,98.5,,
ESTAT:PRC_HICP_MIDX(1.0),06/02/26 23:00:00,M,I15,CP00,IT,2014-02,98.1,,
ESTAT:PRC_HICP_MIDX(1.0),06/02/26 23:00:00,M,I15,CP00,IT,2014-03,100.3,,
ESTAT:PRC_HICP_MIDX(1.0),06/02/26 23:00:00,M,I15,CP00,IT,2014-04,100.8,,
ESTAT:PRC_HICP_MIDX(1.0),06/02/26 23:00:00,M,I15,CP00,IT,2014-05,100.7,,
ESTAT:PRC_HICP_MIDX(1.0),06/02/26 23:00:00,M,I15,CP00,IT,2014-06,100.8,,
ESTAT:PRC_HICP_MIDX(1.0),06/02/26 23:00:00,M,I15,CP00,IT,2014-07,98.7,,
ESTAT:PRC_HICP_MIDX(1.0),06/02/26 23:00:00,M,I15,CP00,IT,2014-08,98.6,,
ESTAT:PRC_HICP_MIDX(1.0),06/02/26 23:00:00,M,I15,CP00,IT,2014-09,100.4,,
ESTAT:PRC_HICP_MIDX(1.0),06/02/26 23:00:00,M,I15,CP00,IT,2014-10,100.7,,
ESTAT:PRC_HICP_MIDX(1.0),06/02/26 23:00:00,M,I15,CP00,IT,2014-11,100.5,,
ESTAT:PRC_HICP_MIDX(1.0),06/02/26 23:00:00,M,I15,CP00,IT,2014-12,100.5,,
ESTAT:PRC_HICP_MIDX(1.0),06/02/26 23:00:00,M,I15,CP00,IT,2015-01,98.0,,
ESTAT:PRC_HICP_MIDX(1.0),06/02/26 23:00:00,M,I15,CP00,IT,2015-02,98.2,,
ESTAT:PRC_HICP_MIDX(1.0),06/02/26 23:00:00,M,I15,CP00,IT,2015-03,100.3,,
ESTAT:PRC_HICP_MIDX(1.0),06/02/26 23:00:00,M,I15,CP00,IT,2015-04,100.7,,
ESTAT:PRC_HICP_MIDX(1.0),06/02/26 23:00:00,M,I15,CP00,IT,2015-05,100.9,,
ESTAT:PRC_HICP_MIDX(1.0),06/02/26 23:00:00,M,I15,CP00,IT,2015-06,101.0,,
ESTAT:PRC_HICP_MIDX(1.0),06/02/26 23:00:00,M,I15,CP00,IT,2015-07,99.1,,
ESTAT:PRC_HICP_MIDX(1.0),06/02/26 23:00:00,M,I15,CP00,IT,2015-08,98.9,,
ESTAT:PRC_HICP_MIDX(1.0),06/02/26 23:00:00,M,I15,CP00,IT,2015-09,100.6,,
ESTAT:PRC_HICP_MIDX(1.0),06/02/26 23:00:00,M,I15,CP00,IT,2015-10,101.0,,
ESTAT:PRC_HICP_MIDX(1.0),06/02/26 23:00:00,M,I15,CP00,IT,2015-11,100.6,,
ESTAT:PRC_HICP_MIDX(1.0),06/02/26 23:00:00,M,I15,CP00,IT,2015-12,100.6,,
ESTAT:PRC_HICP_MIDX(1.0),06/02/26 23:00:00,M,I15,CP00,IT,2016-01,98.4,,
ESTAT:PRC_HICP_MIDX(1.0),06/02/26 23:00:00,M,I15,CP00,IT,2016-02,98.0,,
ESTAT:PRC_HICP_MIDX(1.0),06/02/26 23:00:00,M,I15,CP00,IT,2016-03,100.1,,
ESTAT:PRC_HICP_MIDX(1.0),06/02/26 23:00:00,M,I15,CP00,IT,2016-04,100.3,,
ESTAT:PRC_HICP_MIDX(1.0),06/02/26 23:00:00,M,I15,CP00,IT,2016-05,100.6,,
ESTAT:PRC_HICP_MIDX(1.0),06/02/26 23:00:00,M,I15,CP00,IT,2016-06,100.8,,
ESTAT:PRC_HICP_MIDX(1.0),06/02/26 23:00:00,M,I15,CP00,IT,2016-07,98.9,,
ESTAT:PRC_HICP_MIDX(1.0),06/02/26 23:00:00,M,I15,CP00,IT,2016-08,98.8,,
ESTAT:PRC_HICP_MIDX(1.0),06/02/26 23:00:00,M,I15,CP00,IT,2016-09,100.7,,
ESTAT:PRC_HICP_MIDX(1.0),06/02/26 23:00:00,M,I15,CP00,IT,2016-10,100.9,,
ESTAT:PRC_HICP_MIDX(1.0),06/02/26 23:00:00,M,I15,CP00,IT,2016-11,100.7,,
ESTAT:PRC_HICP_MIDX(1.0),06/02/26 23:00:00,M,I15,CP00,IT,2016-12,101.1,,
ESTAT:PRC_HICP_MIDX(1.0),06/02/26 23:00:00,M,I15,CP00,IT,2017-01,99.4,,
ESTAT:PRC_HICP_MIDX(1.0),06/02/26 23:00:00,M,I15,CP00,IT,2017-02,99.6,,
ESTAT:PRC_HICP_MIDX(1.0),06/02/26 23:00:00,M,I15,CP00,IT,2017-03,101.5,,
ESTAT:PRC_HICP_MIDX(1.0),06/02/26 23:00:00,M,I15,CP00,IT,2017-04,102.3,,
ESTAT:PRC_HICP_MIDX(1.0),06/02/26 23:00:00,M,I15,CP00,IT,2017-05,102.2,,
ESTAT:PRC_HICP_MIDX(1.0),06/02/26 23:00:00,M,I15,CP00,IT,2017-06,102.0,,
ESTAT:PRC_HICP_MIDX(1.0),06/02/26 23:00:00,M,I15,CP00,IT,2017-07,100.1,,
ESTAT:PRC_HICP_MIDX(1.0),06/02/26 23:00:00,M,I15,CP00,IT,2017-08,100.2,,
ESTAT:PRC_HICP_MIDX(1.0),06/02/26 23:00:00,M,I15,CP00,IT,2017-09,102.0,,
ESTAT:PRC_HICP_MIDX(1.0),06/02/26 23:00:00,M,I15,CP00,IT,2017-10,102.0,,
ESTAT:PRC_HICP_MIDX(1.0),06/02/26 23:00:00,M,I15,CP00,IT,2017-11,101.8,,
ESTAT:PRC_HICP_MIDX(1.0),06/02/26 23:00:00,M,I15,CP00,IT,2017-12,102.1,,
ESTAT:PRC_HICP_MIDX(1.0),06/02/26 23:00:00,M,I15,CP00,IT,2018-01,100.6,,
ESTAT:PRC_HICP_MIDX(1.0),06/02/26 23:00:00,M,I15,CP00,IT,2018-02,100.1,,
ESTAT:PRC_HICP_MIDX(1.0),06/02/26 23:00:00,M,I15,CP00,IT,2018-03,102.4,,
ESTAT:PRC_HICP_MIDX(1.0),06/02/26 23:00:00,M,I15,CP00,IT,2018-04,102.9,,
ESTAT:PRC_HICP_MIDX(1.0),06/02/26 23:00:00,M,I15,CP00,IT,2018-05,103.2,,
ESTAT:PRC_HICP_MIDX(1.0),06/02/26 23:00:00,M,I15,CP00,IT,2018-06,103.4,,
ESTAT:PRC_HICP_MIDX(1.0),06/02/26 23:00:00,M,I15,CP00,IT,2018-07,102.0,,
ESTAT:PRC_HICP_MIDX(1.0),06/02/26 23:00:00,M,I15,CP00,IT,2018-08,101.8,,
ESTAT:PRC_HICP_MIDX(1.0),06/02/26 23:00:00,M,I15,CP00,IT,2018-09,103.5,,
ESTAT:PRC_HICP_MIDX(1.0),06/02/26 23:00:00,M,I15,CP00,IT,2018-10,103.7,,
ESTAT:PRC_HICP_MIDX(1.0),06/02/26 23:00:00,M,I15,CP00,IT,2018-11,103.4,,
ESTAT:PRC_HICP_MIDX(1.0),06/02/26 23:00:00,M,I15,CP00,IT,2018-12,103.3,,
ESTAT:PRC_HICP_MIDX(1.0),06/02/26 23:00:00,M,I15,CP00,IT,2019-01,101.5,,
ESTAT:PRC_HICP_MIDX(1.0),06/02/26 23:00:00,M,I15,CP00,IT,2019-02,101.2,,
ESTAT:PRC_HICP_MIDX(1.0),06/02/26 23:00:00,M,I15,CP00,IT,2019-03,103.5,,
ESTAT:PRC_HICP_MIDX(1.0),06/02/26 23:00:00,M,I15,CP00,IT,2019-04,104.0,,
ESTAT:PRC_HICP_MIDX(1.0),06/02/26 23:00:00,M,I15,CP00,IT,2019-05,104.1,,
ESTAT:PRC_HICP_MIDX(1.0),06/02/26 23:00:00,M,I15,CP00,IT,2019-06,104.2,,
ESTAT:PRC_HICP_MIDX(1.0),06/02/26 23:00:00,M,I15,CP00,IT,2019-07,102.3,,
ESTAT:PRC_HICP_MIDX(1.0),06/02/26 23:00:00,M,I15,CP00,IT,2019-08,102.3,,
ESTAT:PRC_HICP_MIDX(1.0),06/02/26 23:00:00,M,I15,CP00,IT,2019-09,103.7,,
ESTAT:PRC_HICP_MIDX(1.0),06/02/26 23:00:00,M,I15,CP00,IT,2019-10,103.9,,
ESTAT:PRC_HICP_MIDX(1.0),06/02/26 23:00:00,M,I15,CP00,IT,2019-11,103.6,,
ESTAT:PRC_HICP_MIDX(1.0),06/02/26 23:00:00,M,I15,CP00,IT,2019-12,103.8,,
ESTAT:PRC_HICP_MIDX(1.0),06/02/26 23:00:00,M,I15,CP00,IT,2020-01,101.9,,
ESTAT:PRC_HICP_MIDX(1.0),06/02/26 23:00:00,M,I15,CP00,IT,2020-02,101.4,,
ESTAT:PRC_HICP_MIDX(1.0),06/02/26 23:00:00,M,I15,CP00,IT,2020-03,103.6,,
ESTAT:PRC_HICP_MIDX(1.0),06/02/26 23:00:00,M,I15,CP00,IT,2020-04,104.1,,
ESTAT:PRC_HICP_MIDX(1.0),06/02/26 23:00:00,M,I15,CP00,IT,2020-05,103.8,,
ESTAT:PRC_HICP_MIDX(1.0),06/02/26 23:00:00,M,I15,CP00,IT,2020-06,103.8,,
ESTAT:PRC_HICP_MIDX(1.0),06/02/26 23:00:00,M,I15,CP00,IT,2020-07,103.1,,
ESTAT:PRC_HICP_MIDX(1.0),06/02/26 23:00:00,M,I15,CP00,IT,2020-08,101.8,,
ESTAT:PRC_HICP_MIDX(1.0),06/02/26 23:00:00,M,I15,CP00,IT,2020-09,102.7,,
ESTAT:PRC_HICP_MIDX(1.0),06/02/26 23:00:00,M,I15,CP00,IT,2020-10,103.3,,
ESTAT:PRC_HICP_MIDX(1.0),06/02/26 23:00:00,M,I15,CP00,IT,2020-11,103.3,,
ESTAT:PRC_HICP_MIDX(1.0),06/02/26 23:00:00,M,I15,CP00,IT,2020-12,103.5,,
ESTAT:PRC_HICP_MIDX(1.0),06/02/26 23:00:00,M,I15,CP00,IT,2021-01,102.6,,
ESTAT:PRC_HICP_MIDX(1.0),06/02/26 23:00:00,M,I15,CP00,IT,2021-02,102.4,,
ESTAT:PRC_HICP_MIDX(1.0),06/02/26 23:00:00,M,I15,CP00,IT,2021-03,104.2,,
ESTAT:PRC_HICP_MIDX(1.0),06/02/26 23:00:00,M,I15,CP00,IT,2021-04,105.1,,
ESTAT:PRC_HICP_MIDX(1.0),06/02/26 23:00:00,M,I15,CP00,IT,2021-05,105.0,,
ESTAT:PRC_HICP_MIDX(1.0),06/02/26 23:00:00,M,I15,CP00,IT,2021-06,105.2,,
ESTAT:PRC_HICP_MIDX(1.0),06/02/26 23:00:00,M,I15,CP00,IT,2021-07,104.1,,
ESTAT:PRC_HICP_MIDX(1.0),06/02/26 23:00:00,M,I15,CP00,IT,2021-08,104.3,,
ESTAT:PRC_HICP_MIDX(1.0),06/02/26 23:00:00,M,I15,CP00,IT,2021-09,105.7,,
ESTAT:PRC_HICP_MIDX(1.0),06/02/26 23:00:00,M,I15,CP00,IT,2021-10,106.6,,
ESTAT:PRC_HICP_MIDX(1.0),06/02/26 23:00:00,M,I15,CP00,IT,2021-11,107.3,,
ESTAT:PRC_HICP_MIDX(1.0),06/02/26 23:00:00,M,I15,CP00,IT,2021-12,107.8,,
ESTAT:PRC_HICP_MIDX(1.0),06/02/26 23:00:00,M,I15,CP00,IT,2022-01,107.8,,
ESTAT:PRC_HICP_MIDX(1.0),06/02/26 23:00:00,M,I15,CP00,IT,2022-02,108.7,,
ESTAT:PRC_HICP_MIDX(1.0),06/02/26 23:00:00,M,I15,CP00,IT,2022-03,111.3,,
ESTAT:PRC_HICP_MIDX(1.0),06/02/26 23:00:00,M,I15,CP00,IT,2022-04,111.7,,
ESTAT:PRC_HICP_MIDX(1.0),06/02/26 23:00:00,M,I15,CP00,IT,2022-05,112.7,,
ESTAT:PRC_HICP_MIDX(1.0),06/02/26 23:00:00,M,I15,CP00,IT,2022-06,114.1,,
ESTAT:PRC_HICP_MIDX(1.0),06/02/26 23:00:00,M,I15,CP00,IT,2022-07,112.8,,
ESTAT:PRC_HICP_MIDX(1.0),06/02/26 23:00:00,M,I15,CP00,IT,2022-08,113.8,,
ESTAT:PRC_HICP_MIDX(1.0),06/02/26 23:00:00,M,I15,CP00,IT,2022-09,115.6,,
ESTAT:PRC_HICP_MIDX(1.0),06/02/26 23:00:00,M,I15,CP00,IT,2022-10,120.0,,
ESTAT:PRC_HICP_MIDX(1.0),06/02/26 23:00:00,M,I15,CP00,IT,2022-11,120.8,,
ESTAT:PRC_HICP_MIDX(1.0),06/02/26 23:00:00,M,I15,CP00,IT,2022-12,121.1,,
ESTAT:PRC_HICP_MIDX(1.0),06/02/26 23:00:00,M,I15,CP00,IT,2023-01,119.3,,
ESTAT:PRC_HICP_MIDX(1.0),06/02/26 23:00:00,M,I15,CP00,IT,2023-02,119.4,,
ESTAT:PRC_HICP_MIDX(1.0),06/02/26 23:00:00,M,I15,CP00,IT,2023-03,120.3,,
ESTAT:PRC_HICP_MIDX(1.0),06/02/26 23:00:00,M,I15,CP00,IT,2023-04,121.3,,
ESTAT:PRC_HICP_MIDX(1.0),06/02/26 23:00:00,M,I15,CP00,IT,2023-05,121.7,,
ESTAT:PRC_HICP_MIDX(1.0),06/02/26 23:00:00,M,I15,CP00,IT,2023-06,121.8,,
ESTAT:PRC_HICP_MIDX(1.0),06/02/26 23:00:00,M,I15,CP00,IT,2023-07,119.9,,
ESTAT:PRC_HICP_MIDX(1.0),06/02/26 23:00:00,M,I15,CP00,IT,2023-08,120.1,,
ESTAT:PRC_HICP_MIDX(1.0),06/02/26 23:00:00,M,I15,CP00,IT,2023-09,122.1,,
ESTAT:PRC_HICP_MIDX(1.0),06/02/26 23:00:00,M,I15,CP00,IT,2023-10,122.2,,
ESTAT:PRC_HICP_MIDX(1.0),06/02/26 23:00:00,M,I15,CP00,IT,2023-11,121.5,,
ESTAT:PRC_HICP_MIDX(1.0),06/02/26 23:00:00,M,I15,CP00,IT,2023-12,121.7,,
ESTAT:PRC_HICP_MIDX(1.0),06/02/26 23:00:00,M,I15,CP00,IT,2024-01,120.4,,
ESTAT:PRC_HICP_MIDX(1.0),06/02/26 23:00:00,M,I15,CP00,IT,2024-02,120.4,,
ESTAT:PRC_HICP_MIDX(1.0),06/02/26 23:00:00,M,I15,CP00,IT,2024-03,121.8,,
ESTAT:PRC_HICP_MIDX(1.0),06/02/26 23:00:00,M,I15,CP00,IT,2024-04,122.4,,
ESTAT:PRC_HICP_MIDX(1.0),06/02/26 23:00:00,M,I15,CP00,IT,2024-05,122.7,,
ESTAT:PRC_HICP_MIDX(1.0),06/02/26 23:00:00,M,I15,CP00,IT,2024-06,122.9,,
ESTAT:PRC_HICP_MIDX(1.0),06/02/26 23:00:00,M,I15,CP00,IT,2024-07,121.8,,
ESTAT:PRC_HICP_MIDX(1.0),06/02/26 23:00:00,M,I15,CP00,IT,2024-08,121.6,,
ESTAT:PRC_HICP_MIDX(1.0),06/02/26 23:00:00,M,I15,CP00,IT,2024-09,123.0,,
ESTAT:PRC_HICP_MIDX(1.0),06/02/26 23:00:00,M,I15,CP00,IT,2024-10,123.4,,
ESTAT:PRC_HICP_MIDX(1.0),06/02/26 23:00:00,M,I15,CP00,IT,2024-11,123.3,,
ESTAT:PRC_HICP_MIDX(1.0),06/02/26 23:00:00,M,I15,CP00,IT,2024-12,123.4,,
ESTAT:PRC_HICP_MIDX(1.0),06/02/26 23:00:00,M,I15,CP00,IT,2025-01,122.4,,
ESTAT:PRC_HICP_MIDX(1.0),06/02/26 23:00:00,M,I15,CP00,IT,2025-02,122.5,,
ESTAT:PRC_HICP_MIDX(1.0),06/02/26 23:00:00,M,I15,CP00,IT,2025-03,124.4,,
ESTAT:PRC_HICP_MIDX(1.0),06/02/26 23:00:00,M,I15,CP00,IT,2025-04,124.9,,
ESTAT:PRC_HICP_MIDX(1.0),06/02/26 23:00:00,M,I15,CP00,IT,2025-05,124.8,,
ESTAT:PRC_HICP_MIDX(1.0),06/02/26 23:00:00,M,I15,CP00,IT,2025-06,125.1,,
ESTAT:PRC_HICP_MIDX(1.0),06/02/26 23:00:00,M,I15,CP00,IT,2025-07,123.9,,
ESTAT:PRC_HICP_MIDX(1.0),06/02/26 23:00:00,M,I15,CP00,IT,2025-08,123.6,,
ESTAT:PRC_HICP_MIDX(1.0),06/02/26 23:00:00,M,I15,CP00,IT,2025-09,125.2,,
ESTAT:PRC_HICP_MIDX(1.0),06/02/26 23:00:00,M,I15,CP00,IT,2025-10,125.0,,
ESTAT:PRC_HICP_MIDX(1.0),06/02/26 23:00:00,M,I15,CP00,IT,2025-11,124.7,,
ESTAT:PRC_HICP_MIDX(1.0),06/02/26 23:00:00,M,I15,CP00,IT,2025-12,124.9,,
ESTAT:PRC_HICP_MIDX(1.0),06/02/26 23:00:00,M,I96,CP00,IT,2005-01,120.0,,
ESTAT:PRC_HICP_MIDX(1.0),06/02/26 23:00:00,M,I96,CP00,IT,2005-02,119.9,,
ESTAT:PRC_HICP_MIDX(1.0),06/02/26 23:00:00,M,I96,CP00,IT,2005-03,121.3,,
ESTAT:PRC_HICP_MIDX(1.0),06/02/26 23:00:00,M,I96,CP00,IT,2005-04,122.3,,
ESTAT:PRC_HICP_MIDX(1.0),06/02/26 23:00:00,M,I96,CP00,IT,2005-05,122.7,,
ESTAT:PRC_HICP_MIDX(1.0),06/02/26 23:00:00,M,I96,CP00,IT,2005-06,122.7,,
ESTAT:PRC_HICP_MIDX(1.0),06/02/26 23:00:00,M,I96,CP00,IT,2005-07,122.4,,
ESTAT:PRC_HICP_MIDX(1.0),06/02/26 23:00:00,M,I96,CP00,IT,2005-08,122.2,,
ESTAT:PRC_HICP_MIDX(1.0),06/02/26 23:00:00,M,I96,CP00,IT,2005-09,122.9,,
ESTAT:PRC_HICP_MIDX(1.0),06/02/26 23:00:00,M,I96,CP00,IT,2005-10,123.7,,
ESTAT:PRC_HICP_MIDX(1.0),06/02/26 23:00:00,M,I96,CP00,IT,2005-11,123.7,,
ESTAT:PRC_HICP_MIDX(1.0),06/02/26 23:00:00,M,I96,CP00,IT,2005-12,123.7,,
ESTAT:PRC_HICP_MIDX(1.0),06/02/26 23:00:00,M,I96,CP00,IT,2006-01,122.6,,
ESTAT:PRC_HICP_MIDX(1.0),06/02/26 23:00:00,M,I96,CP00,IT,2006-02,122.5,,
ESTAT:PRC_HICP_MIDX(1.0),06/02/26 23:00:00,M,I96,CP00,IT,2006-03,124.0,,
ESTAT:PRC_HICP_MIDX(1.0),06/02/26 23:00:00,M,I96,CP00,IT,2006-04,125.1,,
ESTAT:PRC_HICP_MIDX(1.0),06/02/26 23:00:00,M,I96,CP00,IT,2006-05,125.5,,
ESTAT:PRC_HICP_MIDX(1.0),06/02/26 23:00:00,M,I96,CP00,IT,2006-06,125.6,,
ESTAT:PRC_HICP_MIDX(1.0),06/02/26 23:00:00,M,I96,CP00,IT,2006-07,125.2,,
ESTAT:PRC_HICP_MIDX(1.0),06/02/26 23:00:00,M,I96,CP00,IT,2006-08,125.0,,
ESTAT:PRC_HICP_MIDX(1.0),06/02/26 23:00:00,M,I96,CP00,IT,2006-09,125.8,,
ESTAT:PRC_HICP_MIDX(1.0),06/02/26 23:00:00,M,I96,CP00,IT,2006-10,126.1,,
ESTAT:PRC_HICP_MIDX(1.0),06/02/26 23:00:00,M,I96,CP00,IT,2006-11,126.2,,
ESTAT:PRC_HICP_MIDX(1.0),06/02/26 23:00:00,M,I96,CP00,IT,2006-12,126.3,,
ESTAT:PRC_HICP_MIDX(1.0),06/02/26 23:00:00,M,I96,CP00,IT,2007-01,125.0,,
ESTAT:PRC_HICP_MIDX(1.0),06/02/26 23:00:00,M,I96,CP00,IT,2007-02,125.1,,
ESTAT:PRC_HICP_MIDX(1.0),06/02/26 23:00:00,M,I96,CP00,IT,2007-03,126.5,,
ESTAT:PRC_HICP_MIDX(1.0),06/02/26 23:00:00,M,I96,CP00,IT,2007-04,127.3,,
ESTAT:PRC_HICP_MIDX(1.0),06/02/26 23:00:00,M,I96,CP00,IT,2007-05,127.8,,
ESTAT:PRC_HICP_MIDX(1.0),06/02/26 23:00:00,M,I96,CP00,IT,2007-06,128.1,,
ESTAT:PRC_HICP_MIDX(1.0),06/02/26 23:00:00,M,I96,CP00,IT,2007-07,127.3,,
ESTAT:PRC_HICP_MIDX(1.0),06/02/26 23:00:00,M,I96,CP00,IT,2007-08,127.1,,
ESTAT:PRC_HICP_MIDX(1.0),06/02/26 23:00:00,M,I96,CP00,IT,2007-09,128.0,,
ESTAT:PRC_HICP_MIDX(1.0),06/02/26 23:00:00,M,I96,CP00,IT,2007-10,128.9,,
ESTAT:PRC_HICP_MIDX(1.0),06/02/26 23:00:00,M,I96,CP00,IT,2007-11,129.4,,
ESTAT:PRC_HICP_MIDX(1.0),06/02/26 23:00:00,M,I96,CP00,IT,2007-12,129.9,,
ESTAT:PRC_HICP_MIDX(1.0),06/02/26 23:00:00,M,I96,CP00,IT,2008-01,128.9,,
ESTAT:PRC_HICP_MIDX(1.0),06/02/26 23:00:00,M,I96,CP00,IT,2008-02,129.0,,
ESTAT:PRC_HICP_MIDX(1.0),06/02/26 23:00:00,M,I96,CP00,IT,2008-03,131.0,,
ESTAT:PRC_HICP_MIDX(1.0),06/02/26 23:00:00,M,I96,CP00,IT,2008-04,131.7,,
ESTAT:PRC_HICP_MIDX(1.0),06/02/26 23:00:00,M,I96,CP00,IT,2008-05,132.6,,
ESTAT:PRC_HICP_MIDX(1.0),06/02/26 23:00:00,M,I96,CP00,IT,2008-06,133.2,,
ESTAT:PRC_HICP_MIDX(1.0),06/02/26 23:00:00,M,I96,CP00,IT,2008-07,132.4,,
ESTAT:PRC_HICP_MIDX(1.0),06/02/26 23:00:00,M,I96,CP00,IT,2008-08,132.4,,
ESTAT:PRC_HICP_MIDX(1.0),06/02/26 23:00:00,M,I96,CP00,IT,2008-09,133.0,,
ESTAT:PRC_HICP_MIDX(1.0),06/02/26 23:00:00,M,I96,CP00,IT,2008-10,133.6,,
ESTAT:PRC_HICP_MIDX(1.0),06/02/26 23:00:00,M,I96,CP00,IT,2008-11,133.1,,
ESTAT:PRC_HICP_MIDX(1.0),06/02/26 23:00:00,M,I96,CP00,IT,2008-12,132.9,,
ESTAT:PRC_HICP_MIDX(1.0),06/02/26 23:00:00,M,I96,CP00,IT,2009-01,130.7,,
ESTAT:PRC_HICP_MIDX(1.0),06/02/26 23:00:00,M,I96,CP00,IT,2009-02,130.9,,
ESTAT:PRC_HICP_MIDX(1.0),06/02/26 23:00:00,M,I96,CP00,IT,2009-03,132.5,,
ESTAT:PRC_HICP_MIDX(1.0),06/02/26 23:00:00,M,I96,CP00,IT,2009-04,133.4,,
ESTAT:PRC_HICP_MIDX(1.0),06/02/26 23:00:00,M,I96,CP00,IT,2009-05,133.7,,
ESTAT:PRC_HICP_MIDX(1.0),06/02/26 23:00:00,M,I96,CP00,IT,2009-06,133.9,,
ESTAT:PRC_HICP_MIDX(1.0),06/02/26 23:00:00,M,I96,CP00,IT,2009-07,132.2,,
ESTAT:PRC_HICP_MIDX(1.0),06/02/26 23:00:00,M,I96,CP00,IT,2009-08,132.5,,
ESTAT:PRC_HICP_MIDX(1.0),06/02/26 23:00:00,M,I96,CP00,IT,2009-09,133.5,,
ESTAT:PRC_HICP_MIDX(1.0),06/02/26 23:00:00,M,I96,CP00,IT,2009-10,134.0,,
ESTAT:PRC_HICP_MIDX(1.0),06/02/26 23:00:00,M,I96,CP00,IT,2009-11,134.2,,
ESTAT:PRC_HICP_MIDX(1.0),06/02/26 23:00:00,M,I96,CP00,IT,2009-12,134.4,,
ESTAT:PRC_HICP_MIDX(1.0),06/02/26 23:00:00,M,I96,CP00,IT,2010-01,132.4,,
ESTAT:PRC_HICP_MIDX(1.0),06/02/26 23:00:00,M,I96,CP00,IT,2010-02,132.4,,
ESTAT:PRC_HICP_MIDX(1.0),06/02/26 23:00:00,M,I96,CP00,IT,2010-03,134.3,,
ESTAT:PRC_HICP_MIDX(1.0),06/02/26 23:00:00,M,I96,CP00,IT,2010-04,135.6,,
ESTAT:PRC_HICP_MIDX(1.0),06/02/26 23:00:00,M,I96,CP00,IT,2010-05,135.7,,
ESTAT:PRC_HICP_MIDX(1.0),06/02/26 23:00:00,M,I96,CP00,IT,2010-06,135.8,,
ESTAT:PRC_HICP_MIDX(1.0),06/02/26 23:00:00,M,I96,CP00,IT,2010-07,134.6,,
ESTAT:PRC_HICP_MIDX(1.0),06/02/26 23:00:00,M,I96,CP00,IT,2010-08,134.8,,
ESTAT:PRC_HICP_MIDX(1.0),06/02/26 23:00:00,M,I96,CP00,IT,2010-09,135.7,,
ESTAT:PRC_HICP_MIDX(1.0),06/02/26 23:00:00,M,I96,CP00,IT,2010-10,136.7,,
ESTAT:PRC_HICP_MIDX(1.0),06/02/26 23:00:00,M,I96,CP00,IT,2010-11,136.7,,
ESTAT:PRC_HICP_MIDX(1.0),06/02/26 23:00:00,M,I96,CP00,IT,2010-12,137.1,,
ESTAT:PRC_HICP_MIDX(1.0),06/02/26 23:00:00,M,I96,CP00,IT,2011-01,135.0,,
ESTAT:PRC_HICP_MIDX(1.0),06/02/26 23:00:00,M,I96,CP00,IT,2011-02,135.2,,
ESTAT:PRC_HICP_MIDX(1.0),06/02/26 23:00:00,M,I96,CP00,IT,2011-03,138.2,,
ESTAT:PRC_HICP_MIDX(1.0),06/02/26 23:00:00,M,I96,CP00,IT,2011-04,139.5,,
ESTAT:PRC_HICP_MIDX(1.0),06/02/26 23:00:00,M,I96,CP00,IT,2011-05,139.7,,
ESTAT:PRC_HICP_MIDX(1.0),06/02/26 23:00:00,M,I96,CP00,IT,2011-06,139.9,,
ESTAT:PRC_HICP_MIDX(1.0),06/02/26 23:00:00,M,I96,CP00,IT,2011-07,137.4,,
ESTAT:PRC_HICP_MIDX(1.0),06/02/26 23:00:00,M,I96,CP00,IT,2011-08,137.9,,
ESTAT:PRC_HICP_MIDX(1.0),06/02/26 23:00:00,M,I96,CP00,IT,2011-09,140.6,,
ESTAT:PRC_HICP_MIDX(1.0),06/02/26 23:00:00,M,I96,CP00,IT,2011-10,141.8,,
ESTAT:PRC_HICP_MIDX(1.0),06/02/26 23:00:00,M,I96,CP00,IT,2011-11,141.7,,
ESTAT:PRC_HICP_MIDX(1.0),06/02/26 23:00:00,M,I96,CP00,IT,2011-12,142.2,,
ESTAT:PRC_HICP_MIDX(1.0),06/02/26 23:00:00,M,I96,CP00,IT,2012-01,139.6,,
ESTAT:PRC_HICP_MIDX(1.0),06/02/26 23:00:00,M,I96,CP00,IT,2012-02,139.9,,
ESTAT:PRC_HICP_MIDX(1.0),06/02/26 23:00:00,M,I96,CP00,IT,2012-03,143.4,,
ESTAT:PRC_HICP_MIDX(1.0),06/02/26 23:00:00,M,I96,CP00,IT,2012-04,144.7,,
ESTAT:PRC_HICP_MIDX(1.0),06/02/26 23:00:00,M,I96,CP00,IT,2012-05,144.7,,
ESTAT:PRC_HICP_MIDX(1.0),06/02/26 23:00:00,M,I96,CP00,IT,2012-06,144.9,,
ESTAT:PRC_HICP_MIDX(1.0),06/02/26 23:00:00,M,I96,CP00,IT,2012-07,142.4,,
ESTAT:PRC_HICP_MIDX(1.0),06/02/26 23:00:00,M,I96,CP00,IT,2012-08,142.5,,
ESTAT:PRC_HICP_MIDX(1.0),06/02/26 23:00:00,M,I96,CP00,IT,2012-09,145.4,,
ESTAT:PRC_HICP_MIDX(1.0),06/02/26 23:00:00,M,I96,CP00,IT,2012-10,145.7,,
ESTAT:PRC_HICP_MIDX(1.0),06/02/26 23:00:00,M,I96,CP00,IT,2012-11,145.4,,
ESTAT:PRC_HICP_MIDX(1.0),06/02/26 23:00:00,M,I96,CP00,IT,2012-12,145.8,,
ESTAT:PRC_HICP_MIDX(1.0),06/02/26 23:00:00,M,I96,CP00,IT,2013-01,142.9,,
ESTAT:PRC_HICP_MIDX(1.0),06/02/26 23:00:00,M,I96,CP00,IT,2013-02,142.6,,
ESTAT:PRC_HICP_MIDX(1.0),06/02/26 23:00:00,M,I96,CP00,IT,2013-03,146.0,,
ESTAT:PRC_HICP_MIDX(1.0),06/02/26 23:00:00,M,I96,CP00,IT,2013-04,146.5,,
ESTAT:PRC_HICP_MIDX(1.0),06/02/26 23:00:00,M,I96,CP00,IT,2013-05,146.5,,
ESTAT:PRC_HICP_MIDX(1.0),06/02/26 23:00:00,M,I96,CP00,IT,2013-06,146.8,,
ESTAT:PRC_HICP_MIDX(1.0),06/02/26 23:00:00,M,I96,CP00,IT,2013-07,144.1,,
ESTAT:PRC_HICP_MIDX(1.0),06/02/26 23:00:00,M,I96,CP00,IT,2013-08,144.2,,
ESTAT:PRC_HICP_MIDX(1.0),06/02/26 23:00:00,M,I96,CP00,IT,2013-09,146.8,,
ESTAT:PRC_HICP_MIDX(1.0),06/02/26 23:00:00,M,I96,CP00,IT,2013-10,146.8,,
ESTAT:PRC_HICP_MIDX(1.0),06/02/26 23:00:00,M,I96,CP00,IT,2013-11,146.3,,
ESTAT:PRC_HICP_MIDX(1.0),06/02/26 23:00:00,M,I96,CP00,IT,2013-12,146.8,,
ESTAT:PRC_HICP_MIDX(1.0),06/02/26 23:00:00,M,I96,CP00,IT,2014-01,143.8,,
ESTAT:PRC_HICP_MIDX(1.0),06/02/26 23:00:00,M,I96,CP00,IT,2014-02,143.3,,
ESTAT:PRC_HICP_MIDX(1.0),06/02/26 23:00:00,M,I96,CP00,IT,2014-03,146.4,,
ESTAT:PRC_HICP_MIDX(1.0),06/02/26 23:00:00,M,I96,CP00,IT,2014-04,147.2,,
ESTAT:PRC_HICP_MIDX(1.0),06/02/26 23:00:00,M,I96,CP00,IT,2014-05,147.1,,
ESTAT:PRC_HICP_MIDX(1.0),06/02/26 23:00:00,M,I96,CP00,IT,2014-06,147.2,,
ESTAT:PRC_HICP_MIDX(1.0),06/02/26 23:00:00,M,I96,CP00,IT,2014-07,144.1,,
ESTAT:PRC_HICP_MIDX(1.0),06/02/26 23:00:00,M,I96,CP00,IT,2014-08,143.9,,
ESTAT:PRC_HICP_MIDX(1.0),06/02/26 23:00:00,M,I96,CP00,IT,2014-09,146.6,,
ESTAT:PRC_HICP_MIDX(1.0),06/02/26 23:00:00,M,I96,CP00,IT,2014-10,147.0,,
ESTAT:PRC_HICP_MIDX(1.0),06/02/26 23:00:00,M,I96,CP00,IT,2014-11,146.7,,
ESTAT:PRC_HICP_MIDX(1.0),06/02/26 23:00:00,M,I96,CP00,IT,2014-12,146.7,,
ESTAT:PRC_HICP_MIDX(1.0),06/02/26 23:00:00,M,I96,CP00,IT,2015-01,143.1,,
ESTAT:PRC_HICP_MIDX(1.0),06/02/26 23:00:00,M,I96,CP00,IT,2015-02,143.4,,
ESTAT:PRC_HICP_MIDX(1.0),06/02/26 23:00:00,M,I96,CP00,IT,2015-03,146.4,,
ESTAT:PRC_HICP_MIDX(1.0),06/02/26 23:00:00,M,I96,CP00,IT,2015-04,147.1,,
ESTAT:PRC_HICP_MIDX(1.0),06/02/26 23:00:00,M,I96,CP00,IT,2015-05,147.4,,
ESTAT:PRC_HICP_MIDX(1.0),06/02/26 23:00:00,M,I96,CP00,IT,2015-06,147.5,,
ESTAT:PRC_HICP_MIDX(1.0),06/02/26 23:00:00,M,I96,CP00,IT,2015-07,144.7,,
ESTAT:PRC_HICP_MIDX(1.0),06/02/26 23:00:00,M,I96,CP00,IT,2015-08,144.5,,
ESTAT:PRC_HICP_MIDX(1.0),06/02/26 23:00:00,M,I96,CP00,IT,2015-09,146.9,,
ESTAT:PRC_HICP_MIDX(1.0),06/02/26 23:00:00,M,I96,CP00,IT,2015-10,147.5,,
ESTAT:PRC_HICP_MIDX(1.0),06/02/26 23:00:00,M,I96,CP00,IT,2015-11,146.9,,
ESTAT:PRC_HICP_MIDX(1.0),06/02/26 23:00:00,M,I96,CP00,IT,2015-12,146.9,,
ESTAT:PRC_HICP_MIDX(1.0),06/02/26 23:00:00,M,I96,CP00,IT,2016-01,143.6,,
ESTAT:PRC_HICP_MIDX(1.0),06/02/26 23:00:00,M,I96,CP00,IT,2016-02,143.1,,
ESTAT:PRC_HICP_MIDX(1.0),06/02/26 23:00:00,M,I96,CP00,IT,2016-03,146.1,,
ESTAT:PRC_HICP_MIDX(1.0),06/02/26 23:00:00,M,I96,CP00,IT,2016-04,146.5,,
ESTAT:PRC_HICP_MIDX(1.0),06/02/26 23:00:00,M,I96,CP00,IT,2016-05,146.9,,
ESTAT:PRC_HICP_MIDX(1.0),06/02/26 23:00:00,M,I96,CP00,IT,2016-06,147.1,,
ESTAT:PRC_HICP_MIDX(1.0),06/02/26 23:00:00,M,I96,CP00,IT,2016-07,144.5,,
ESTAT:PRC_HICP_MIDX(1.0),06/02/26 23:00:00,M,I96,CP00,IT,2016-08,144.3,,
ESTAT:PRC_HICP_MIDX(1.0),06/02/26 23:00:00,M,I96,CP00,IT,2016-09,147.0,,
ESTAT:PRC_HICP_MIDX(1.0),06/02/26 23:00:00,M,I96,CP00,IT,2016-10,147.3,,
ESTAT:PRC_HICP_MIDX(1.0),06/02/26 23:00:00,M,I96,CP00,IT,2016-11,147.1,,
ESTAT:PRC_HICP_MIDX(1.0),06/02/26 23:00:00,M,I96,CP00,IT,2016-12,147.7,,
ESTAT:PRC_HICP_MIDX(1.0),06/02/26 23:00:00,M,I96,CP00,IT,2017-01,145.2,,
ESTAT:PRC_HICP_MIDX(1.0),06/02/26 23:00:00,M,I96,CP00,IT,2017-02,145.4,,
ESTAT:PRC_HICP_MIDX(1.0),06/02/26 23:00:00,M,I96,CP00,IT,2017-03,148.2,,
ESTAT:PRC_HICP_MIDX(1.0),06/02/26 23:00:00,M,I96,CP00,IT,2017-04,149.3,,
ESTAT:PRC_HICP_MIDX(1.0),06/02/26 23:00:00,M,I96,CP00,IT,2017-05,149.2,,
ESTAT:PRC_HICP_MIDX(1.0),06/02/26 23:00:00,M,I96,CP00,IT,2017-06,149.0,,
ESTAT:PRC_HICP_MIDX(1.0),06/02/26 23:00:00,M,I96,CP00,IT,2017-07,146.1,,
ESTAT:PRC_HICP_MIDX(1.0),06/02/26 23:00:00,M,I96,CP00,IT,2017-08,146.3,,
ESTAT:PRC_HICP_MIDX(1.0),06/02/26 23:00:00,M,I96,CP00,IT,2017-09,149.0,,
ESTAT:PRC_HICP_MIDX(1.0),06/02/26 23:00:00,M,I96,CP00,IT,2017-10,148.9,,
ESTAT:PRC_HICP_MIDX(1.0),06/02/26 23:00:00,M,I96,CP00,IT,2017-11,148.7,,
ESTAT:PRC_HICP_MIDX(1.0),06/02/26 23:00:00,M,I96,CP00,IT,2017-12,149.1,,
ESTAT:PRC_HICP_MIDX(1.0),06/02/26 23:00:00,M,I96,CP00,IT,2018-01,146.9,,
ESTAT:PRC_HICP_MIDX(1.0),06/02/26 23:00:00,M,I96,CP00,IT,2018-02,146.2,,
ESTAT:PRC_HICP_MIDX(1.0),06/02/26 23:00:00,M,I96,CP00,IT,2018-03,149.6,,
ESTAT:PRC_HICP_MIDX(1.0),06/02/26 23:00:00,M,I96,CP00,IT,2018-04,150.2,,
ESTAT:PRC_HICP_MIDX(1.0),06/02/26 23:00:00,M,I96,CP00,IT,2018-05,150.7,,
ESTAT:PRC_HICP_MIDX(1.0),06/02/26 23:00:00,M,I96,CP00,IT,2018-06,151.0,,
ESTAT:PRC_HICP_MIDX(1.0),06/02/26 23:00:00,M,I96,CP00,IT,2018-07,148.9,,
ESTAT:PRC_HICP_MIDX(1.0),06/02/26 23:00:00,M,I96,CP00,IT,2018-08,148.7,,
ESTAT:PRC_HICP_MIDX(1.0),06/02/26 23:00:00,M,I96,CP00,IT,2018-09,151.1,,
ESTAT:PRC_HICP_MIDX(1.0),06/02/26 23:00:00,M,I96,CP00,IT,2018-10,151.4,,
ESTAT:PRC_HICP_MIDX(1.0),06/02/26 23:00:00,M,I96,CP00,IT,2018-11,151.0,,
ESTAT:PRC_HICP_MIDX(1.0),06/02/26 23:00:00,M,I96,CP00,IT,2018-12,150.8,,
ESTAT:PRC_HICP_MIDX(1.0),06/02/26 23:00:00,M,I96,CP00,IT,2019-01,148.2,,
ESTAT:PRC_HICP_MIDX(1.0),06/02/26 23:00:00,M,I96,CP00,IT,2019-02,147.8,,
ESTAT:PRC_HICP_MIDX(1.0),06/02/26 23:00:00,M,I96,CP00,IT,2019-03,151.1,,
ESTAT:PRC_HICP_MIDX(1.0),06/02/26 23:00:00,M,I96,CP00,IT,2019-04,151.8,,
ESTAT:PRC_HICP_MIDX(1.0),06/02/26 23:00:00,M,I96,CP00,IT,2019-05,152.0,,
ESTAT:PRC_HICP_MIDX(1.0),06/02/26 23:00:00,M,I96,CP00,IT,2019-06,152.1,,
ESTAT:PRC_HICP_MIDX(1.0),06/02/26 23:00:00,M,I96,CP00,IT,2019-07,149.3,,
ESTAT:PRC_HICP_MIDX(1.0),06/02/26 23:00:00,M,I96,CP00,IT,2019-08,149.3,,
ESTAT:PRC_HICP_MIDX(1.0),06/02/26 23:00:00,M,I96,CP00,IT,2019-09,151.4,,
ESTAT:PRC_HICP_MIDX(1.0),06/02/26 23:00:00,M,I96,CP00,IT,2019-10,151.7,,
ESTAT:PRC_HICP_MIDX(1.0),06/02/26 23:00:00,M,I96,CP00,IT,2019-11,151.3,,
ESTAT:PRC_HICP_MIDX(1.0),06/02/26 23:00:00,M,I96,CP00,IT,2019-12,151.5,,
ESTAT:PRC_HICP_MIDX(1.0),06/02/26 23:00:00,M,I96,CP00,IT,2020-01,148.8,,
ESTAT:PRC_HICP_MIDX(1.0),06/02/26 23:00:00,M,I96,CP00,IT,2020-02,148.1,,
ESTAT:PRC_HICP_MIDX(1.0),06/02/26 23:00:00,M,I96,CP00,IT,2020-03,151.3,,
ESTAT:PRC_HICP_MIDX(1.0),06/02/26 23:00:00,M,I96,CP00,IT,2020-04,152.0,,
ESTAT:PRC_HICP_MIDX(1.0),06/02/26 23:00:00,M,I96,CP00,IT,2020-05,151.6,,
ESTAT:PRC_HICP_MIDX(1.0),06/02/26 23:00:00,M,I96,CP00,IT,2020-06,151.6,,
ESTAT:PRC_HICP_MIDX(1.0),06/02/26 23:00:00,M,I96,CP00,IT,2020-07,150.5,,
ESTAT:PRC_HICP_MIDX(1.0),06/02/26 23:00:00,M,I96,CP00,IT,2020-08,148.6,,
ESTAT:PRC_HICP_MIDX(1.0),06/02/26 23:00:00,M,I96,CP00,IT,2020-09,149.9,,
ESTAT:PRC_HICP_MIDX(1.0),06/02/26 23:00:00,M,I96,CP00,IT,2020-10,150.8,,
ESTAT:PRC_HICP_MIDX(1.0),06/02/26 23:00:00,M,I96,CP00,IT,2020-11,150.8,,
ESTAT:PRC_HICP_MIDX(1.0),06/02/26 23:00:00,M,I96,CP00,IT,2020-12,151.1,,
ESTAT:PRC_HICP_MIDX(1.0),06/02/26 23:00:00,M,I96,CP00,IT,2021-01,149.8,,
ESTAT:PRC_HICP_MIDX(1.0),06/02/26 23:00:00,M,I96,CP00,IT,2021-02,149.5,,
ESTAT:PRC_HICP_MIDX(1.0),06/02/26 23:00:00,M,I96,CP00,IT,2021-03,152.1,,
ESTAT:PRC_HICP_MIDX(1.0),06/02/26 23:00:00,M,I96,CP00,IT,2021-04,153.4,,
ESTAT:PRC_HICP_MIDX(1.0),06/02/26 23:00:00,M,I96,CP00,IT,2021-05,153.4,,
ESTAT:PRC_HICP_MIDX(1.0),06/02/26 23:00:00,M,I96,CP00,IT,2021-06,153.6,,
ESTAT:PRC_HICP_MIDX(1.0),06/02/26 23:00:00,M,I96,CP00,IT,2021-07,152.1,,
ESTAT:PRC_HICP_MIDX(1.0),06/02/26 23:00:00,M,I96,CP00,IT,2021-08,152.3,,
ESTAT:PRC_HICP_MIDX(1.0),06/02/26 23:00:00,M,I96,CP00,IT,2021-09,154.3,,
ESTAT:PRC_HICP_MIDX(1.0),06/02/26 23:00:00,M,I96,CP00,IT,2021-10,155.7,,
ESTAT:PRC_HICP_MIDX(1.0),06/02/26 23:00:00,M,I96,CP00,IT,2021-11,156.7,,
ESTAT:PRC_HICP_MIDX(1.0),06/02/26 23:00:00,M,I96,CP00,IT,2021-12,157.5,,
ESTAT:PRC_HICP_MIDX(1.0),06/02/26 23:00:00,M,I96,CP00,IT,2022-01,157.3,,
ESTAT:PRC_HICP_MIDX(1.0),06/02/26 23:00:00,M,I96,CP00,IT,2022-02,158.7,,
ESTAT:PRC_HICP_MIDX(1.0),06/02/26 23:00:00,M,I96,CP00,IT,2022-03,162.6,,
ESTAT:PRC_HICP_MIDX(1.0),06/02/26 23:00:00,M,I96,CP00,IT,2022-04,163.2,,
ESTAT:PRC_HICP_MIDX(1.0),06/02/26 23:00:00,M,I96,CP00,IT,2022-05,164.6,,
ESTAT:PRC_HICP_MIDX(1.0),06/02/26 23:00:00,M,I96,CP00,IT,2022-06,166.6,,
ESTAT:PRC_HICP_MIDX(1.0),06/02/26 23:00:00,M,I96,CP00,IT,2022-07,164.7,,
ESTAT:PRC_HICP_MIDX(1.0),06/02/26 23:00:00,M,I96,CP00,IT,2022-08,166.1,,
ESTAT:PRC_HICP_MIDX(1.0),06/02/26 23:00:00,M,I96,CP00,IT,2022-09,168.9,,
ESTAT:PRC_HICP_MIDX(1.0),06/02/26 23:00:00,M,I96,CP00,IT,2022-10,175.2,,
ESTAT:PRC_HICP_MIDX(1.0),06/02/26 23:00:00,M,I96,CP00,IT,2022-11,176.3,,
ESTAT:PRC_HICP_MIDX(1.0),06/02/26 23:00:00,M,I96,CP00,IT,2022-12,176.8,,
ESTAT:PRC_HICP_MIDX(1.0),06/02/26 23:00:00,M,I96,CP00,IT,2023-01,174.2,,
ESTAT:PRC_HICP_MIDX(1.0),06/02/26 23:00:00,M,I96,CP00,IT,2023-02,174.3,,
ESTAT:PRC_HICP_MIDX(1.0),06/02/26 23:00:00,M,I96,CP00,IT,2023-03,175.7,,
ESTAT:PRC_HICP_MIDX(1.0),06/02/26 23:00:00,M,I96,CP00,IT,2023-04,177.2,,
ESTAT:PRC_HICP_MIDX(1.0),06/02/26 23:00:00,M,I96,CP00,IT,2023-05,177.8,,
ESTAT:PRC_HICP_MIDX(1.0),06/02/26 23:00:00,M,I96,CP00,IT,2023-06,177.8,,
ESTAT:PRC_HICP_MIDX(1.0),06/02/26 23:00:00,M,I96,CP00,IT,2023-07,175.1,,
ESTAT:PRC_HICP_MIDX(1.0),06/02/26 23:00:00,M,I96,CP00,IT,2023-08,175.3,,
ESTAT:PRC_HICP_MIDX(1.0),06/02/26 23:00:00,M,I96,CP00,IT,2023-09,178.4,,
ESTAT:PRC_HICP_MIDX(1.0),06/02/26 23:00:00,M,I96,CP00,IT,2023-10,178.5,,
ESTAT:PRC_HICP_MIDX(1.0),06/02/26 23:00:00,M,I96,CP00,IT,2023-11,177.5,,
ESTAT:PRC_HICP_MIDX(1.0),06/02/26 23:00:00,M,I96,CP00,IT,2023-12,177.8,,
ESTAT:PRC_HICP_MIDX(1.0),06/02/26 23:00:00,M,I96,CP00,IT,2024-01,175.9,,
ESTAT:PRC_HICP_MIDX(1.0),06/02/26 23:00:00,M,I96,CP00,IT,2024-02,175.8,,
ESTAT:PRC_HICP_MIDX(1.0),06/02/26 23:00:00,M,I96,CP00,IT,2024-03,177.8,,
ESTAT:PRC_HICP_MIDX(1.0),06/02/26 23:00:00,M,I96,CP00,IT,2024-04,178.8,,
ESTAT:PRC_HICP_MIDX(1.0),06/02/26 23:00:00,M,I96,CP00,IT,2024-05,179.2,,
ESTAT:PRC_HICP_MIDX(1.0),06/02/26 23:00:00,M,I96,CP00,IT,2024-06,179.4,,
ESTAT:PRC_HICP_MIDX(1.0),06/02/26 23:00:00,M,I96,CP00,IT,2024-07,177.8,,
ESTAT:PRC_HICP_MIDX(1.0),06/02/26 23:00:00,M,I96,CP00,IT,2024-08,177.6,,
ESTAT:PRC_HICP_MIDX(1.0),06/02/26 23:00:00,M,I96,CP00,IT,2024-09,179.6,,
ESTAT:PRC_HICP_MIDX(1.0),06/02/26 23:00:00,M,I96,CP00,IT,2024-10,180.2,,
ESTAT:PRC_HICP_MIDX(1.0),06/02/26 23:00:00,M,I96,CP00,IT,2024-11,180.0,,
ESTAT:PRC_HICP_MIDX(1.0),06/02/26 23:00:00,M,I96,CP00,IT,2024-12,180.2,,
ESTAT:PRC_HICP_MIDX(1.0),06/02/26 23:00:00,M,I96,CP00,IT,2025-01,178.8,,
ESTAT:PRC_HICP_MIDX(1.0),06/02/26 23:00:00,M,I96,CP00,IT,2025-02,178.8,,
ESTAT:PRC_HICP_MIDX(1.0),06/02/26 23:00:00,M,I96,CP00,IT,2025-03,181.6,,
ESTAT:PRC_HICP_MIDX(1.0),06/02/26 23:00:00,M,I96,CP00,IT,2025-04,182.4,,
ESTAT:PRC_HICP_MIDX(1.0),06/02/26 23:00:00,M,I96,CP00,IT,2025-05,182.2,,
ESTAT:PRC_HICP_MIDX(1.0),06/02/26 23:00:00,M,I96,CP00,IT,2025-06,182.6,,
ESTAT:PRC_HICP_MIDX(1.0),06/02/26 23:00:00,M,I96,CP00,IT,2025-07,181.0,,
ESTAT:PRC_HICP_MIDX(1.0),06/02/26 23:00:00,M,I96,CP00,IT,2025-08,180.5,,
ESTAT:PRC_HICP_MIDX(1.0),06/02/26 23:00:00,M,I96,CP00,IT,2025-09,182.8,,
ESTAT:PRC_HICP_MIDX(1.0),06/02/26 23:00:00,M,I96,CP00,IT,2025-10,182.5,,
ESTAT:PRC_HICP_MIDX(1.0),06/02/26 23:00:00,M,I96,CP00,IT,2025-11,182.0,,
ESTAT:PRC_HICP_MIDX(1.0),06/02/26 23:00:00,M,I96,CP00,IT,2025-12,182.4,,
