DATAFLOW,FREQ,REF_AREA,DATA_TYPE,MEASURE,ECOICOP_2,TIME_PERIOD,OBS_VALUE,OBS_STATUS,NOTE_DS,NOTE_REF_AREA,NOTE_DATA_TYPE,NOTE_MEASURE,NOTE_ECOICOP_2,NOTE_TIME_PERIOD,BASE_PER,UNIT_MEAS,UNIT_MULT
IT1:167_745_DF_DCSP_NIC1B2025_6(1.0),M,IT,1,4,00,1996-01,102.5,,,,,,,,,,
IT1:167_745_DF_DCSP_NIC1B2025_6(1.0),M,IT,1,4,00,1996-02,102.9,,,,,,,,,,
IT1:167_745_DF_DCSP_NIC1B2025_6(1.0),M,IT,1,4,00,1996-03,103.3,,,,,,,,,,
IT1:167_745_DF_DCSP_NIC1B2025_6(1.0),M,IT,1,4,00,1996-04,103.7,,,,,,,,,,
IT1:167_745_DF_DCSP_NIC1B2025_6(1.0),M,IT,1,4,00,1996-05,104.1,,,,,,,,,,
IT1:167_745_DF_DCSP_NIC1B2025_6(1.0),M,IT,1,4,00,1996-06,104.3,,,,,,,,,,
IT1:167_745_DF_DCSP_NIC1B2025_6(1.0),M,IT,1,4,00,1996-07,104.2,,,,,,,,,,
IT1:167_745_DF_DCSP_NIC1B2025_6(1.0),M,IT,1,4,00,1996-08,104.3,,,,,,,,,,
IT1:167_745_DF_DCSP_NIC1B2025_6(1.0),M,IT,1,4,00,1996-09,104.4,,,,,,,,,,
IT1:167_745_DF_DCSP_NIC1B2025_6(1.0),M,IT,1,4,00,1996-10,104.5,,,,,,,,,,
IT1:167_745_DF_DCSP_NIC1B2025_6(1.0),M,IT,1,4,00,1996-11,104.9,,,,,,,,,,
IT1:167_745_DF_DCSP_NIC1B2025_6(1.0),M,IT,1,4,00,1996-12,105,,,,,,,,,,
IT1:167_745_DF_DCSP_NIC1B2025_6(1.0),M,IT,1,4,00,1997-01,105.3,,,,,,,,,,
IT1:167_745_DF_DCSP_NIC1B2025_6(1.0),M,IT,1,4,00,1997-02,105.4,,,,,,,,,,
IT1:167_745_DF_DCSP_NIC1B2025_6(1.0),M,IT,1,4,00,1997-03,105.7,,,,,,,,,,
IT1:167_745_DF_DCSP_NIC1B2025_6(1.0),M,IT,1,4,00,1997-04,105.8,,,,,,,,,,
IT1:167_745_DF_DCSP_NIC1B2025_6(1.0),M,IT,1,4,00,1997-05,106.1,,,,,,,,,,
IT1:167_745_DF_DCSP_NIC1B2025_6(1.0),M,IT,1,4,00,1997-06,106.1,,,,,,,,,,
IT1:167_745_DF_DCSP_NIC1B2025_6(1.0),M,IT,1,4,00,1997-07,106.1,,,,,,,,,,
IT1:167_745_DF_DCSP_NIC1B2025_6(1.0),M,IT,1,4,00,1997-08,106.2,,,,,,,,,,
IT1:167_745_DF_DCSP_NIC1B2025_6(1.0),M,IT,1,4,00,1997-09,106.3,,,,,,,,,,
IT1:167_745_DF_DCSP_NIC1B2025_6(1.0),M,IT,1,4,00,1997-10,106.6,,,,,,,,,,
IT1:167_745_DF_DCSP_NIC1B2025_6(1.0),M,IT,1,4,00,1997-11,107,,,,,,,,,,
IT1:167_745_DF_DCSP_NIC1B2025_6(1.0),M,IT,1,4,00,1997-12,107,,,,,,,,,,
IT1:167_745_DF_DCSP_NIC1B2025_6(1.0),M,IT,1,4,00,1998-01,107.3,,,,,,,,,,
IT1:167_745_DF_DCSP_NIC1B2025_6(1.0),M,IT,1,4,00,1998-02,107.6,,,,,,,,,,
IT1:167_745_DF_DCSP_NIC1B2025_6(1.0),M,IT,1,4,00,1998-03,107.9,,,,,,,,,,
IT1:167_745_DF_DCSP_NIC1B2025_6(1.0),M,IT,1,4,00,1998-04,108,,,,,,,,,,
IT1:167_745_DF_DCSP_NIC1B2025_6(1.0),M,IT,1,4,00,1998-05,108.2,,,,,,,,,,
IT1:167_745_DF_DCSP_NIC1B2025_6(1.0),M,IT,1,4,00,1998-06,108.3,,,,,,,,,,
IT1:167_745_DF_DCSP_NIC1B2025_6(1.0),M,IT,1,4,00,1998-07,108.3,,,,,,,,,,
IT1:167_745_DF_DCSP_NIC1B2025_6(1.0),M,IT,1,4,00,1998-08,108.4,,,,,,,,,,
IT1:167_745_DF_DCSP_NIC1B2025_6(1.0),M,IT,1,4,00,1998-09,108.4,,,,,,,,,,
IT1:167_745_DF_DCSP_NIC1B2025_6(1.0),M,IT,1,4,00,1998-10,108.6,,,,,,,,,,
IT1:167_745_DF_DCSP_NIC1B2025_6(1.0),M,IT,1,4,00,1998-11,108.7,,,,,,,,,,
IT1:167_745_DF_DCSP_NIC1B2025_6(1.0),M,IT,1,4,00,1998-12,108.8,,,,,,,,,,
IT1:167_745_DF_DCSP_NIC1B2025_6(1.0),M,IT,1,4,00,1999-01,108.9,,,,,,,,,,
IT1:167_745_DF_DCSP_NIC1B2025_6(1.0),M,IT,1,4,00,1999-02,109.1,,,,,,,,,,
IT1:167_745_DF_DCSP_NIC1B2025_6(1.0),M,IT,1,4,00,1999-03,109.3,,,,,,,,,,
IT1:167_745_DF_DCSP_NIC1B2025_6(1.0),M,IT,1,4,00,1999-04,109.6,,,,,,,,,,
IT1:167_745_DF_DCSP_NIC1B2025_6(1.0),M,IT,1,4,00,1999-05,109.8,,,,,,,,,,
IT1:167_745_DF_DCSP_NIC1B2025_6(1.0),M,IT,1,4,00,1999-06,109.8,,,,,,,,,,
IT1:167_745_DF_DCSP_NIC1B2025_6(1.0),M,IT,1,4,00,1999-07,110.1,,,,,,,,,,
IT1:167_745_DF_DCSP_NIC1B2025_6(1.0),M,IT,1,4,00,1999-08,110.2,,,,,,,,,,
IT1:167_745_DF_DCSP_NIC1B2025_6(1.0),M,IT,1,4,00,1999-09,110.4,,,,,,,,,,
IT1:167_745_DF_DCSP_NIC1B2025_6(1.0),M,IT,1,4,00,1999-10,110.8,,,,,,,,,,
IT1:167_745_DF_DCSP_NIC1B2025_6(1.0),M,IT,1,4,00,1999-11,111,,,,,,,,,,
IT1:167_745_DF_DCSP_NIC1B2025_6(1.0),M,IT,1,4,00,1999-12,111.1,,,,,,,,,,
IT1:167_745_DF_DCSP_NIC1B2025_6(1.0),M,IT,1,4,00,2000-01,111.3,,,,,,,,,,
IT1:167_745_DF_DCSP_NIC1B2025_6(1.0),M,IT,1,4,00,2000-02,111.7,,,,,,,,,,
IT1:167_745_DF_DCSP_NIC1B2025_6(1.0),M,IT,1,4,00,2000-03,112,,,,,,,,,,
IT1:167_745_DF_DCSP_NIC1B2025_6(1.0),M,IT,1,4,00,2000-04,112.1,,,,,,,,,,
IT1:167_745_DF_DCSP_NIC1B2025_6(1.0),M,IT,1,4,00,2000-05,112.5,,,,,,,,,,
IT1:167_745_DF_DCSP_NIC1B2025_6(1.0),M,IT,1,4,00,2000-06,112.8,,,,,,,,,,
IT1:167_745_DF_DCSP_NIC1B2025_6(1.0),M,IT,1,4,00,2000-07,113,,,,,,,,,,
IT1:167_745_DF_DCSP_NIC1B2025_6(1.0),M,IT,1,4,00,2000-08,113.1,,,,,,,,,,
IT1:167_745_DF_DCSP_NIC1B2025_6(1.0),M,IT,1,4,00,2000-09,113.3,,,,,,,,,,
IT1:167_745_DF_DCSP_NIC1B2025_6(1.0),M,IT,1,4,00,2000-10,113.7,,,,,,,,,,
IT1:167_745_DF_DCSP_NIC1B2025_6(1.0),M,IT,1,4,00,2000-11,114,,,,,,,,,,
IT1:167_745_DF_DCSP_NIC1B2025_6(1.0),M,IT,1,4,00,2000-12,114.1,,,,,,,,,,
IT1:167_745_DF_DCSP_NIC1B2025_6(1.0),M,IT,1,4,00,2001-01,114.6,,,,,,,,,,
IT1:167_745_DF_DCSP_NIC1B2025_6(1.0),M,IT,1,4,00,2001-02,115,,,,,,,,,,
IT1:167_745_DF_DCSP_NIC1B2025_6(1.0),M,IT,1,4,00,2001-03,115.1,,,,,,,,,,
IT1:167_745_DF_DCSP_NIC1B2025_6(1.0),M,IT,1,4,00,2001-04,115.6,,,,,,,,,,
IT1:167_745_DF_DCSP_NIC1B2025_6(1.0),M,IT,1,4,00,2001-05,115.9,,,,,,,,,,
IT1:167_745_DF_DCSP_NIC1B2025_6(1.0),M,IT,1,4,00,2001-06,116.2,,,,,,,,,,
IT1:167_745_DF_DCSP_NIC1B2025_6(1.0),M,IT,1,4,00,2001-07,116.3,,,,,,,,,,
IT1:167_745_DF_DCSP_NIC1B2025_6(1.0),M,IT,1,4,00,2001-08,116.3,,,,,,,,,,
IT1:167_745_DF_DCSP_NIC1B2025_6(1.0),M,IT,1,4,00,2001-09,116.3,,,,,,,,,,
IT1:167_745_DF_DCSP_NIC1B2025_6(1.0),M,IT,1,4,00,2001-10,116.5,,,,,,,,,,
IT1:167_745_DF_DCSP_NIC1B2025_6(1.0),M,IT,1,4,00,2001-11,116.7,,,,,,,,,,
IT1:167_745_DF_DCSP_NIC1B2025_6(1.0),M,IT,1,4,00,2001-12,116.8,,,,,,,,,,
IT1:167_745_DF_DCSP_NIC1B2025_6(1.0),M,IT,1,4,00,2002-01,117.3,,,,,,,,,,
IT1:167_745_DF_DCSP_NIC1B2025_6(1.0),M,IT,1,4,00,2002-02,117.7,,,,,,,,,,
IT1:167_745_DF_DCSP_NIC1B2025_6(1.0),M,IT,1,4,00,2002-03,118,,,,,,,,,,
IT1:167_745_DF_DCSP_NIC1B2025_6(1.0),M,IT,1,4,00,2002-04,118.3,,,,,,,,,,
IT1:167_745_DF_DCSP_NIC1B2025_6(1.0),M,IT,1,4,00,2002-05,118.6,,,,,,,,,,
IT1:167_745_DF_DCSP_NIC1B2025_6(1.0),M,IT,1,4,00,2002-06,118.7,,,,,,,,,,
IT1:167_745_DF_DCSP_NIC1B2025_6(1.0),M,IT,1,4,00,2002-07,118.9,,,,,,,,,,
IT1:167_745_DF_DCSP_NIC1B2025_6(1.0),M,IT,1,4,00,2002-08,119.1,,,,,,,,,,
IT1:167_745_DF_DCSP_NIC1B2025_6(1.0),M,IT,1,4,00,2002-09,119.3,,,,,,,,,,
IT1:167_745_DF_DCSP_NIC1B2025_6(1.0),M,IT,1,4,00,2002-10,119.6,,,,,,,,,,
IT1:167_745_DF_DCSP_NIC1B2025_6(1.0),M,IT,1,4,00,2002-11,120,,,,,,,,,,
IT1:167_745_DF_DCSP_NIC1B2025_6(1.0),M,IT,1,4,00,2002-12,120.1,,,,,,,,,,
IT1:167_745_DF_DCSP_NIC1B2025_6(1.0),M,IT,1,4,00,2003-01,120.6,,,,,,,,,,
IT1:167_745_DF_DCSP_NIC1B2025_6(1.0),M,IT,1,4,00,2003-02,120.8,,,,,,,,,,
IT1:167_745_DF_DCSP_NIC1B2025_6(1.0),M,IT,1,4,00,2003-03,121.2,,,,,,,,,,
IT1:167_745_DF_DCSP_NIC1B2025_6(1.0),M,IT,1,4,00,2003-04,121.5,,,,,,,,,,
IT1:167_745_DF_DCSP_NIC1B2025_6(1.0),M,IT,1,4,00,2003-05,121.8,,,,,,,,,,
IT1:167_745_DF_DCSP_NIC1B2025_6(1.0),M,IT,1,4,00,2003-06,121.9,,,,,,,,,,
IT1:167_745_DF_DCSP_NIC1B2025_6(1.0),M,IT,1,4,00,2003-07,122.1,,,,,,,,,,
IT1:167_745_DF_DCSP_NIC1B2025_6(1.0),M,IT,1,4,00,2003-08,122.4,,,,,,,,,,
IT1:167_745_DF_DCSP_NIC1B2025_6(1.0),M,IT,1,4,00,2003-09,122.6,,,,,,,,,,
IT1:167_745_DF_DCSP_NIC1B2025_6(1.0),M,IT,1,4,00,2003-10,122.7,,,,,,,,,,
IT1:167_745_DF_DCSP_NIC1B2025_6(1.0),M,IT,1,4,00,2003-11,123,,,,,,,,,,
IT1:167_745_DF_DCSP_NIC1B2025_6(1.0),M,IT,1,4,00,2003-12,123.1,,,,,,,,,,
IT1:167_745_DF_DCSP_NIC1B2025_6(1.0),M,IT,1,4,00,2004-01,123.3,,,,,,,,,,
IT1:167_745_DF_DCSP_NIC1B2025_6(1.0),M,IT,1,4,00,2004-02,123.6,,,,,,,,,,
IT1:167_745_DF_DCSP_NIC1B2025_6(1.0),M,IT,1,4,00,2004-03,124,,,,,,,,,,
IT1:167_745_DF_DCSP_NIC1B2025_6(1.0),M,IT,1,4,00,2004-04,124.3,,,,,,,,,,
IT1:167_745_DF_DCSP_NIC1B2025_6(1.0),M,IT,1,4,00,2004-05,124.6,,,,,,,,,,
IT1:167_745_DF_DCSP_NIC1B2025_6(1.0),M,IT,1,4,00,2004-06,124.8,,,,,,,,,,
IT1:167_745_DF_DCSP_NIC1B2025_6(1.0),M,IT,1,4,00,2004-07,124.9,,,,,,,,,,
IT1:167_745_DF_DCSP_NIC1B2025_6(1.0),M,IT,1,4,00,2004-08,125.2,,,,,,,,,,
IT1:167_745_DF_DCSP_NIC1B2025_6(1.0),M,IT,1,4,00,2004-09,125.2,,,,,,,,,,
IT1:167_745_DF_DCSP_NIC1B2025_6(1.0),M,IT,1,4,00,2004-10,125.2,,,,,,,,,,
IT1:167_745_DF_DCSP_NIC1B2025_6(1.0),M,IT,1,4,00,2004-11,125.3,,,,,,,,,,
IT1:167_745_DF_DCSP_NIC1B2025_6(1.0),M,IT,1,4,00,2004-12,125.6,,,,,,,,,,
IT1:167_745_DF_DCSP_NIC1B2025_6(1.0),M,IT,1,4,00,2005-01,125.6,,,,,,,,,,
IT1:167_745_DF_DCSP_NIC1B2025_6(1.0),M,IT,1,4,00,2005-02,126,,,,,,,,,,
IT1:167_745_DF_DCSP_NIC1B2025_6(1.0),M,IT,1,4,00,2005-03,126.4,,,,,,,,,,
IT1:167_745_DF_DCSP_NIC1B2025_6(1.0),M,IT,1,4,00,2005-04,126.6,,,,,,,,,,
IT1:167_745_DF_DCSP_NIC1B2025_6(1.0),M,IT,1,4,00,2005-05,127,,,,,,,,,,
IT1:167_745_DF_DCSP_NIC1B2025_6(1.0),M,IT,1,4,00,2005-06,127,,,,,,,,,,
IT1:167_745_DF_DCSP_NIC1B2025_6(1.0),M,IT,1,4,00,2005-07,127.5,,,,,,,,,,
IT1:167_745_DF_DCSP_NIC1B2025_6(1.0),M,IT,1,4,00,2005-08,127.7,,,,,,,,,,
IT1:167_745_DF_DCSP_NIC1B2025_6(1.0),M,IT,1,4,00,2005-09,127.7,,,,,,,,,,
IT1:167_745_DF_DCSP_NIC1B2025_6(1.0),M,IT,1,4,00,2005-10,128,,,,,,,,,,
IT1:167_745_DF_DCSP_NIC1B2025_6(1.0),M,IT,1,4,00,2005-11,128.1,,,,,,,,,,
IT1:167_745_DF_DCSP_NIC1B2025_6(1.0),M,IT,1,4,00,2005-12,128.1,,,,,,,,,,
IT1:167_745_DF_DCSP_NIC1B2025_6(1.0),M,IT,1,4,00,2006-01,128.4,,,,,,,,,,
IT1:167_745_DF_DCSP_NIC1B2025_6(1.0),M,IT,1,4,00,2006-02,128.7,,,,,,,,,,
IT1:167_745_DF_DCSP_NIC1B2025_6(1.0),M,IT,1,4,00,2006-03,129,,,,,,,,,,
IT1:167_745_DF_DCSP_NIC1B2025_6(1.0),M,IT,1,4,00,2006-04,129.4,,,,,,,,,,
IT1:167_745_DF_DCSP_NIC1B2025_6(1.0),M,IT,1,4,00,2006-05,129.8,,,,,,,,,,
IT1:167_745_DF_DCSP_NIC1B2025_6(1.0),M,IT,1,4,00,2006-06,129.9,,,,,,,,,,
IT1:167_745_DF_DCSP_NIC1B2025_6(1.0),M,IT,1,4,00,2006-07,130.3,,,,,,,,,,
IT1:167_745_DF_DCSP_NIC1B2025_6(1.0),M,IT,1,4,00,2006-08,130.5,,,,,,,,,,
IT1:167_745_DF_DCSP_NIC1B2025_6(1.0),M,IT,1,4,00,2006-09,130.4,,,,,,,,,,
IT1:167_745_DF_DCSP_NIC1B2025_6(1.0),M,IT,1,4,00,2006-10,130.3,,,,,,,,,,
IT1:167_745_DF_DCSP_NIC1B2025_6(1.0),M,IT,1,4,00,2006-11,130.4,,,,,,,,,,
IT1:167_745_DF_DCSP_NIC1B2025_6(1.0),M,IT,1,4,00,2006-12,130.5,,,,,,,,,,
IT1:167_745_DF_DCSP_NIC1B2025_6(1.0),M,IT,1,4,00,2007-01,130.6,,,,,,,,,,
IT1:167_745_DF_DCSP_NIC1B2025_6(1.0),M,IT,1,4,00,2007-02,131,,,,,,,,,,
IT1:167_745_DF_DCSP_NIC1B2025_6(1.0),M,IT,1,4,00,2007-03,131.2,,,,,,,,,,
IT1:167_745_DF_DCSP_NIC1B2025_6(1.0),M,IT,1,4,00,2007-04,131.4,,,,,,,,,,
IT1:167_745_DF_DCSP_NIC1B2025_6(1.0),M,IT,1,4,00,2007-05,131.8,,,,,,,,,,
IT1:167_745_DF_DCSP_NIC1B2025_6(1.0),M,IT,1,4,00,2007-06,132.1,,,,,,,,,,
IT1:167_745_DF_DCSP_NIC1B2025_6(1.0),M,IT,1,4,00,2007-07,132.4,,,,,,,,,,
IT1:167_745_DF_DCSP_NIC1B2025_6(1.0),M,IT,1,4,00,2007-08,132.6,,,,,,,,,,
IT1:167_745_DF_DCSP_NIC1B2025_6(1.0),M,IT,1,4,00,2007-09,132.6,,,,,,,,,,
IT1:167_745_DF_DCSP_NIC1B2025_6(1.0),M,IT,1,4,00,2007-10,133,,,,,,,,,,
IT1:167_745_DF_DCSP_NIC1B2025_6(1.0),M,IT,1,4,00,2007-11,133.5,,,,,,,,,,
IT1:167_745_DF_DCSP_NIC1B2025_6(1.0),M,IT,1,4,00,2007-12,133.9,,,,,,,,,,
IT1:167_745_DF_DCSP_NIC1B2025_6(1.0),M,IT,1,4,00,2008-01,134.5,,,,,,,,,,
IT1:167_745_DF_DCSP_NIC1B2025_6(1.0),M,IT,1,4,00,2008-02,134.8,,,,,,,,,,
IT1:167_745_DF_DCSP_NIC1B2025_6(1.0),M,IT,1,4,00,2008-03,135.5,,,,,,,,,,
IT1:167_745_DF_DCSP_NIC1B2025_6(1.0),M,IT,1,4,00,2008-04,135.8,,,,,,,,,,
IT1:167_745_DF_DCSP_NIC1B2025_6(1.0),M,IT,1,4,00,2008-05,136.5,,,,,,,,,,
IT1:167_745_DF_DCSP_NIC1B2025_6(1.0),M,IT,1,4,00,2008-06,137.1,,,,,,,,,,
IT1:167_745_DF_DCSP_NIC1B2025_6(1.0),M,IT,1,4,00,2008-07,137.8,,,,,,,,,,
IT1:167_745_DF_DCSP_NIC1B2025_6(1.0),M,IT,1,4,00,2008-08,138,,,,,,,,,,
IT1:167_745_DF_DCSP_NIC1B2025_6(1.0),M,IT,1,4,00,2008-09,137.6,,,,,,,,,,
IT1:167_745_DF_DCSP_NIC1B2025_6(1.0),M,IT,1,4,00,2008-10,137.6,,,,,,,,,,
IT1:167_745_DF_DCSP_NIC1B2025_6(1.0),M,IT,1,4,00,2008-11,137.1,,,,,,,,,,
IT1:167_745_DF_DCSP_NIC1B2025_6(1.0),M,IT,1,4,00,2008-12,136.9,,,,,,,,,,
IT1:167_745_DF_DCSP_NIC1B2025_6(1.0),M,IT,1,4,00,2009-01,136.7,,,,,,,,,,
IT1:167_745_DF_DCSP_NIC1B2025_6(1.0),M,IT,1,4,00,2009-02,137,,,,,,,,,,
IT1:167_745_DF_DCSP_NIC1B2025_6(1.0),M,IT,1,4,00,2009-03,137.1,,,,,,,,,,
IT1:167_745_DF_DCSP_NIC1B2025_6(1.0),M,IT,1,4,00,2009-04,137.4,,,,,,,,,,
IT1:167_745_DF_DCSP_NIC1B2025_6(1.0),M,IT,1,4,00,2009-05,137.7,,,,,,,,,,
IT1:167_745_DF_DCSP_NIC1B2025_6(1.0),M,IT,1,4,00,2009-06,137.8,,,,,,,,,,
IT1:167_745_DF_DCSP_NIC1B2025_6(1.0),M,IT,1,4,00,2009-07,137.8,,,,,,,,,,
IT1:167_745_DF_DCSP_NIC1B2025_6(1.0),M,IT,1,4,00,2009-08,138.2,,,,,,,,,,
IT1:167_745_DF_DCSP_NIC1B2025_6(1.0),M,IT,1,4,00,2009-09,137.9,,,,,,,,,,
IT1:167_745_DF_DCSP_NIC1B2025_6(1.0),M,IT,1,4,00,2009-10,138,,,,,,,,,,
IT1:167_745_DF_DCSP_NIC1B2025_6(1.0),M,IT,1,4,00,2009-11,138,,,,,,,,,,
IT1:167_745_DF_DCSP_NIC1B2025_6(1.0),M,IT,1,4,00,2009-12,138.3,,,,,,,,,,
IT1:167_745_DF_DCSP_NIC1B2025_6(1.0),M,IT,1,4,00,2010-01,138.5,,,,,,,,,,
IT1:167_745_DF_DCSP_NIC1B2025_6(1.0),M,IT,1,4,00,2010-02,138.6,,,,,,,,,,
IT1:167_745_DF_DCSP_NIC1B2025_6(1.0),M,IT,1,4,00,2010-03,139,,,,,,,,,,
IT1:167_745_DF_DCSP_NIC1B2025_6(1.0),M,IT,1,4,00,2010-04,139.5,,,,,,,,,,
IT1:167_745_DF_DCSP_NIC1B2025_6(1.0),M,IT,1,4,00,2010-05,139.6,,,,,,,,,,
IT1:167_745_DF_DCSP_NIC1B2025_6(1.0),M,IT,1,4,00,2010-06,139.6,,,,,,,,,,
IT1:167_745_DF_DCSP_NIC1B2025_6(1.0),M,IT,1,4,00,2010-07,140.1,,,,,,,,,,
IT1:167_745_DF_DCSP_NIC1B2025_6(1.0),M,IT,1,4,00,2010-08,140.4,,,,,,,,,,
IT1:167_745_DF_DCSP_NIC1B2025_6(1.0),M,IT,1,4,00,2010-09,140.1,,,,,,,,,,
IT1:167_745_DF_DCSP_NIC1B2025_6(1.0),M,IT,1,4,00,2010-10,140.4,,,,,,,,,,
IT1:167_745_DF_DCSP_NIC1B2025_6(1.0),M,IT,1,4,00,2010-11,140.4,,,,,,,,,,
IT1:167_745_DF_DCSP_NIC1B2025_6(1.0),M,IT,1,4,00,2010-12,140.9,,,,,,,,,,
IT1:167_745_DF_DCSP_NIC1B2025_6(1.0),M,IT,39,4,00,2016-01,99.6,,,,,,,,,,
IT1:167_745_DF_DCSP_NIC1B2025_6(1.0),M,IT,39,4,00,2016-02,99.4,,,,,,,,,,
IT1:167_745_DF_DCSP_NIC1B2025_6(1.0),M,IT,39,4,00,2016-03,99.6,,,,,,,,,,
IT1:167_745_DF_DCSP_NIC1B2025_6(1.0),M,IT,39,4,00,2016-04,99.5,,,,,,,,,,
IT1:167_745_DF_DCSP_NIC1B2025_6(1.0),M,IT,39,4,00,2016-05,99.8,,,,,,,,,,
IT1:167_745_DF_DCSP_NIC1B2025_6(1.0),M,IT,39,4,00,2016-06,99.9,,,,,,,,,,
IT1:167_745_DF_DCSP_NIC1B2025_6(1.0),M,IT,39,4,00,2016-07,100.1,,,,,,,,,,
IT1:167_745_DF_DCSP_NIC1B2025_6(1.0),M,IT,39,4,00,2016-08,100.3,,,,,,,,,,
IT1:167_745_DF_DCSP_NIC1B2025_6(1.0),M,IT,39,4,00,2016-09,100.1,,,,,,,,,,
IT1:167_745_DF_DCSP_NIC1B2025_6(1.0),M,IT,39,4,00,2016-10,100,,,,,,,,,,
IT1:167_745_DF_DCSP_NIC1B2025_6(1.0),M,IT,39,4,00,2016-11,99.9,,,,,,,,,,
IT1:167_745_DF_DCSP_NIC1B2025_6(1.0),M,IT,39,4,00,2016-12,100.3,,,,,,,,,,
IT1:167_745_DF_DCSP_NIC1B2025_6(1.0),M,IT,39,4,00,2017-01,100.6,,,,,,,,,,
IT1:167_745_DF_DCSP_NIC1B2025_6(1.0),M,IT,39,4,00,2017-02,101,,,,,,,,,,
IT1:167_745_DF_DCSP_NIC1B2025_6(1.0),M,IT,39,4,00,2017-03,101,,,,,,,,,,
IT1:167_745_DF_DCSP_NIC1B2025_6(1.0),M,IT,39,4,00,2017-04,101.4,,,,,,,,,,
IT1:167_745_DF_DCSP_NIC1B2025_6(1.0),M,IT,39,4,00,2017-05,101.2,,,,,,,,,,
IT1:167_745_DF_DCSP_NIC1B2025_6(1.0),M,IT,39,4,00,2017-06,101.1,,,,,,,,,,
IT1:167_745_DF_DCSP_NIC1B2025_6(1.0),M,IT,39,4,00,2017-07,101.2,,,,,,,,,,
IT1:167_745_DF_DCSP_NIC1B2025_6(1.0),M,IT,39,4,00,2017-08,101.5,,,,,,,,,,
IT1:167_745_DF_DCSP_NIC1B2025_6(1.0),M,IT,39,4,00,2017-09,101.2,,,,,,,,,,
IT1:167_745_DF_DCSP_NIC1B2025_6(1.0),M,IT,39,4,00,2017-10,101,,,,,,,,,,
IT1:167_745_DF_DCSP_NIC1B2025_6(1.0),M,IT,39,4,00,2017-11,100.8,,,,,,,,,,
IT1:167_745_DF_DCSP_NIC1B2025_6(1.0),M,IT,39,4,00,2017-12,101.2,,,,,,,,,,
IT1:167_745_DF_DCSP_NIC1B2025_6(1.0),M,IT,39,4,00,2018-01,101.5,,,,,,,,,,
IT1:167_745_DF_DCSP_NIC1B2025_6(1.0),M,IT,39,4,00,2018-02,101.5,,,,,,,,,,
IT1:167_745_DF_DCSP_NIC1B2025_6(1.0),M,IT,39,4,00,2018-03,101.8,,,,,,,,,,
IT1:167_745_DF_DCSP_NIC1B2025_6(1.0),M,IT,39,4,00,2018-04,101.9,,,,,,,,,,
IT1:167_745_DF_DCSP_NIC1B2025_6(1.0),M,IT,39,4,00,2018-05,102.2,,,,,,,,,,
IT1:167_745_DF_DCSP_NIC1B2025_6(1.0),M,IT,39,4,00,2018-06,102.4,,,,,,,,,,
IT1:167_745_DF_DCSP_NIC1B2025_6(1.0),M,IT,39,4,00,2018-07,102.7,,,,,,,,,,
IT1:167_745_DF_DCSP_NIC1B2025_6(1.0),M,IT,39,4,00,2018-08,103.1,,,,,,,,,,
IT1:167_745_DF_DCSP_NIC1B2025_6(1.0),M,IT,39,4,00,2018-09,102.6,,,,,,,,,,
IT1:167_745_DF_DCSP_NIC1B2025_6(1.0),M,IT,39,4,00,2018-10,102.6,,,,,,,,,,
IT1:167_745_DF_DCSP_NIC1B2025_6(1.0),M,IT,39,4,00,2018-11,102.4,,,,,,,,,,
IT1:167_745_DF_DCSP_NIC1B2025_6(1.0),M,IT,39,4,00,2018-12,102.3,,,,,,,,,,
IT1:167_745_DF_DCSP_NIC1B2025_6(1.0),M,IT,39,4,00,2019-01,102.4,,,,,,,,,,
IT1:167_745_DF_DCSP_NIC1B2025_6(1.0),M,IT,39,4,00,2019-02,102.5,,,,,,,,,,
IT1:167_745_DF_DCSP_NIC1B2025_6(1.0),M,IT,39,4,00,2019-03,102.8,,,,,,,,,,
IT1:167_745_DF_DCSP_NIC1B2025_6(1.0),M,IT,39,4,00,2019-04,103,,,,,,,,,,
IT1:167_745_DF_DCSP_NIC1B2025_6(1.0),M,IT,39,4,00,2019-05,103,,,,,,,,,,
IT1:167_745_DF_DCSP_NIC1B2025_6(1.0),M,IT,39,4,00,2019-06,103.1,,,,,,,,,,
IT1:167_745_DF_DCSP_NIC1B2025_6(1.0),M,IT,39,4,00,2019-07,103.1,,,,,,,,,,
IT1:167_745_DF_DCSP_NIC1B2025_6(1.0),M,IT,39,4,00,2019-08,103.5,,,,,,,,,,
IT1:167_745_DF_DCSP_NIC1B2025_6(1.0),M,IT,39,4,00,2019-09,102.9,,,,,,,,,,
IT1:167_745_DF_DCSP_NIC1B2025_6(1.0),M,IT,39,4,00,2019-10,102.8,,,,,,,,,,
IT1:167_745_DF_DCSP_NIC1B2025_6(1.0),M,IT,39,4,00,2019-11,102.6,,,,,,,,,,
IT1:167_745_DF_DCSP_NIC1B2025_6(1.0),M,IT,39,4,00,2019-12,102.8,,,,,,,,,,
IT1:167_745_DF_DCSP_NIC1B2025_6(1.0),M,IT,39,4,00,2020-01,102.9,,,,,,,,,,
IT1:167_745_DF_DCSP_NIC1B2025_6(1.0),M,IT,39,4,00,2020-02,102.8,,,,,,,,,,
IT1:167_745_DF_DCSP_NIC1B2025_6(1.0),M,IT,39,4,00,2020-03,102.9,,,,,,,,,,
IT1:167_745_DF_DCSP_NIC1B2025_6(1.0),M,IT,39,4,00,2020-04,103,,,,,,,,,,
IT1:167_745_DF_DCSP_NIC1B2025_6(1.0),M,IT,39,4,00,2020-05,102.8,,,,,,,,,,
IT1:167_745_DF_DCSP_NIC1B2025_6(1.0),M,IT,39,4,00,2020-06,102.9,,,,,,,,,,
IT1:167_745_DF_DCSP_NIC1B2025_6(1.0),M,IT,39,4,00,2020-07,102.7,,,,,,,,,,
IT1:167_745_DF_DCSP_NIC1B2025_6(1.0),M,IT,39,4,00,2020-08,103,,,,,,,,,,
IT1:167_745_DF_DCSP_NIC1B2025_6(1.0),M,IT,39,4,00,2020-09,102.3,,,,,,,,,,
IT1:167_745_DF_DCSP_NIC1B2025_6(1.0),M,IT,39,4,00,2020-10,102.5,,,,,,,,,,
IT1:167_745_DF_DCSP_NIC1B2025_6(1.0),M,IT,39,4,00,2020-11,102.4,,,,,,,,,,
IT1:167_745_DF_DCSP_NIC1B2025_6(1.0),M,IT,39,4,00,2020-12,102.6,,,,,,,,,,
IT1:167_745_DF_DCSP_NIC1B2025_6(1.0),M,IT,39,4,00,2021-01,103.3,,,,,,,,,,
IT1:167_745_DF_DCSP_NIC1B2025_6(1.0),M,IT,39,4,00,2021-02,103.4,,,,,,,,,,
IT1:167_745_DF_DCSP_NIC1B2025_6(1.0),M,IT,39,4,00,2021-03,103.7,,,,,,,,,,
IT1:167_745_DF_DCSP_NIC1B2025_6(1.0),M,IT,39,4,00,2021-04,104.1,,,,,,,,,,
IT1:167_745_DF_DCSP_NIC1B2025_6(1.0),M,IT,39,4,00,2021-05,104.1,,,,,,,,,,
IT1:167_745_DF_DCSP_NIC1B2025_6(1.0),M,IT,39,4,00,2021-06,104.2,,,,,,,,,,
IT1:167_745_DF_DCSP_NIC1B2025_6(1.0),M,IT,39,4,00,2021-07,104.7,,,,,,,,,,
IT1:167_745_DF_DCSP_NIC1B2025_6(1.0),M,IT,39,4,00,2021-08,105.1,,,,,,,,,,
IT1:167_745_DF_DCSP_NIC1B2025_6(1.0),M,IT,39,4,00,2021-09,104.9,,,,,,,,,,
IT1:167_745_DF_DCSP_NIC1B2025_6(1.0),M,IT,39,4,00,2021-10,105.6,,,,,,,,,,
IT1:167_745_DF_DCSP_NIC1B2025_6(1.0),M,IT,39,4,00,2021-11,106.2,,,,,,,,,,
IT1:167_745_DF_DCSP_NIC1B2025_6(1.0),M,IT,39,4,00,2021-12,106.6,,,,,,,,,,
IT1:167_745_DF_DCSP_NIC1B2025_6(1.0),M,IT,39,4,00,2022-01,108.3,,,,,,,,,,
IT1:167_745_DF_DCSP_NIC1B2025_6(1.0),M,IT,39,4,00,2022-02,109.3,,,,,,,,,,
IT1:167_745_DF_DCSP_NIC1B2025_6(1.0),M,IT,39,4,00,2022-03,110.4,,,,,,,,,,
IT1:167_745_DF_DCSP_NIC1B2025_6(1.0),M,IT,39,4,00,2022-04,110.3,,,,,,,,,,
IT1:167_745_DF_DCSP_NIC1B2025_6(1.0),M,IT,39,4,00,2022-05,111.2,,,,,,,,,,
IT1:167_745_DF_DCSP_NIC1B2025_6(1.0),M,IT,39,4,00,2022-06,112.5,,,,,,,,,,
IT1:167_745_DF_DCSP_NIC1B2025_6(1.0),M,IT,39,4,00,2022-07,113,,,,,,,,,,
IT1:167_745_DF_DCSP_NIC1B2025_6(1.0),M,IT,39,4,00,2022-08,113.9,,,,,,,,,,
IT1:167_745_DF_DCSP_NIC1B2025_6(1.0),M,IT,39,4,00,2022-09,114.2,,,,,,,,,,
IT1:167_745_DF_DCSP_NIC1B2025_6(1.0),M,IT,39,4,00,2022-10,118.1,,,,,,,,,,
IT1:167_745_DF_DCSP_NIC1B2025_6(1.0),M,IT,39,4,00,2022-11,118.7,,,,,,,,,,
IT1:167_745_DF_DCSP_NIC1B2025_6(1.0),M,IT,39,4,00,2022-12,119,,,,,,,,,,
IT1:167_745_DF_DCSP_NIC1B2025_6(1.0),M,IT,39,4,00,2023-01,119.1,,,,,,,,,,
IT1:167_745_DF_DCSP_NIC1B2025_6(1.0),M,IT,39,4,00,2023-02,119.3,,,,,,,,,,
IT1:167_745_DF_DCSP_NIC1B2025_6(1.0),M,IT,39,4,00,2023-03,118.8,,,,,,,,,,
IT1:167_745_DF_DCSP_NIC1B2025_6(1.0),M,IT,39,4,00,2023-04,119.3,,,,,,,,,,
IT1:167_745_DF_DCSP_NIC1B2025_6(1.0),M,IT,39,4,00,2023-05,119.7,,,,,,,,,,
IT1:167_745_DF_DCSP_NIC1B2025_6(1.0),M,IT,39,4,00,2023-06,119.7,,,,,,,,,,
IT1:167_745_DF_DCSP_NIC1B2025_6(1.0),M,IT,39,4,00,2023-07,119.7,,,,,,,,,,
IT1:167_745_DF_DCSP_NIC1B2025_6(1.0),M,IT,39,4,00,2023-08,120.1,,,,,,,,,,
IT1:167_745_DF_DCSP_NIC1B2025_6(1.0),M,IT,39,4,00,2023-09,120.3,,,,,,,,,,
IT1:167_745_DF_DCSP_NIC1B2025_6(1.0),M,IT,39,4,00,2023-10,120.1,,,,,,,,,,
IT1:167_745_DF_DCSP_NIC1B2025_6(1.0),M,IT,39,4,00,2023-11,119.5,,,,,,,,,,
IT1:167_745_DF_DCSP_NIC1B2025_6(1.0),M,IT,39,4,00,2023-12,119.7,,,,,,,,,,
IT1:167_745_DF_DCSP_NIC1B2025_6(1.0),M,IT,39,4,00,2024-01,120.1,,,,,,,,,,
IT1:167_745_DF_DCSP_NIC1B2025_6(1.0),M,IT,39,4,00,2024-02,120.2,,,,,,,,,,
IT1:167_745_DF_DCSP_NIC1B2025_6(1.0),M,IT,39,4,00,2024-03,120.2,,,,,,,,,,
IT1:167_745_DF_DCSP_NIC1B2025_6(1.0),M,IT,39,4,00,2024-04,120.3,,,,,,,,,,
IT1:167_745_DF_DCSP_NIC1B2025_6(1.0),M,IT,39,4,00,2024-05,120.6,,,,,,,,,,
IT1:167_745_DF_DCSP_NIC1B2025_6(1.0),M,IT,39,4,00,2024-06,120.7,,,,,,,,,,
IT1:167_745_DF_DCSP_NIC1B2025_6(1.0),M,IT,39,4,00,2024-07,121.2,,,,,,,,,,
IT1:167_745_DF_DCSP_NIC1B2025_6(1.0),M,IT,39,4,00,2024-08,121.4,,,,,,,,,,
IT1:167_745_DF_DCSP_NIC1B2025_6(1.0),M,IT,39,4,00,2024-09,121.2,,,,,,,,,,
IT1:167_745_DF_DCSP_NIC1B2025_6(1.0),M,IT,39,4,00,2024-10,121.2,,,,,,,,,,
IT1:167_745_DF_DCSP_NIC1B2025_6(1.0),M,IT,39,4,00,2024-11,121.1,,,,,,,,,,
IT1:167_745_DF_DCSP_NIC1B2025_6(1.0),M,IT,39,4,00,2024-12,121.2,,,,,,,,,,
IT1:167_745_DF_DCSP_NIC1B2025_6(1.0),M,IT,39,4,00,2025-01,121.9,,,,,,,,,,
IT1:167_745_DF_DCSP_NIC1B2025_6(1.0),M,IT,39,4,00,2025-02,122.1,,,,,,,,,,
IT1:167_745_DF_DCSP_NIC1B2025_6(1.0),M,IT,39,4,00,2025-03,122.5,,,,,,,,,,
IT1:167_745_DF_DCSP_NIC1B2025_6(1.0),M,IT,39,4,00,2025-04,122.6,,,,,,,,,,
IT1:167_745_DF_DCSP_NIC1B2025_6(1.0),M,IT,39,4,00,2025-05,122.5,,,,,,,,,,
IT1:167_745_DF_DCSP_NIC1B2025_6(1.0),M,IT,39,4,00,2025-06,122.7,,,,,,,,,,
IT1:167_745_DF_DCSP_NIC1B2025_6(1.0),M,IT,39,4,00,2025-07,123.2,,,,,,,,,,
IT1:167_745_DF_DCSP_NIC1B2025_6(1.0),M,IT,39,4,00,2025-08,123.3,,,,,,,,,,
IT1:167_745_DF_DCSP_NIC1B2025_6(1.0),M,IT,39,4,00,2025-09,123.1,,,,,,,,,,
IT1:167_745_DF_DCSP_NIC1B2025_6(1.0),M,IT,39,4,00,2025-10,122.7,,,,,,,,,,
IT1:167_745_DF_DCSP_NIC1B2025_6(1.0),M,IT,39,4,00,2025-11,122.4,,,,,,,,,,
IT1:167_745_DF_DCSP_NIC1B2025_6(1.0),M,IT,39,4,00,2025-12,122.6,,,,,,,,,,
IT1:167_745_DF_DCSP_NIC1B2025_6(1.0),M,IT,85,4,00,2026-01,100.4,,,,,,,,,,
IT1:167_745_DF_DCSP_NIC1B2025_6(1.0),M,IT,85,4,00,2026-02,101.1,,,,,,,,,,
IT1:167_745_DF_DCSP_NIC1B2025_6(1.0),M,IT,85,4,00,2026-03,101.6,,,,,,,,,,
IT1:167_745_DF_DCSP_NIC1B2025_6(1.0),M,IT,85,4,00,2026-04,102.7,,,,,,,,,,
IT1:167_745_DF_DCSP_NIC1B2025_6(1.0),M,IT,85,4,00,2026-05,103.1,,,,,,,,,,
IT1:167_745_DF_DCSP_NIC1B2025_6(1.0),M,IT,85,4,00,2026-06,103.1,,,,,,,,,,
IT1:167_745_DF_DCSP_NIC1B2025_6(1.0),M,IT,85,4,00,2026-07,103.4,,,,,,,,,,
IT1:167_745_DF_DCSP_NIC1B2025_6(1.0),M,IT,85,4,00,2026-08,103.9,,,,,,,,,,
IT1:167_745_DF_DCSP_NIC1B2025_6(1.0),M,IT,85,4,00,2026-09,104.6,p,,,,,,,,,
IT1:167_745_DF_DCSP_NIC1B2025_6(1.0),M,IT,9,4,00,2011-01,101.2,,,,,,,,,,
IT1:167_745_DF_DCSP_NIC1B2025_6(1.0),M,IT,9,4,00,2011-02,101.5,,,,,,,,,,
IT1:167_745_DF_DCSP_NIC1B2025_6(1.0),M,IT,9,4,00,2011-03,101.9,,,,,,,,,,
IT1:167_745_DF_DCSP_NIC1B2025_6(1.0),M,IT,9,4,00,2011-04,102.4,,,,,,,,,,
IT1:167_745_DF_DCSP_NIC1B2025_6(1.0),M,IT,9,4,00,2011-05,102.5,,,,,,,,,,
IT1:167_745_DF_DCSP_NIC1B2025_6(1.0),M,IT,9,4,00,2011-06,102.6,,,,,,,,,,
IT1:167_745_DF_DCSP_NIC1B2025_6(1.0),M,IT,9,4,00,2011-07,102.9,,,,,,,,,,
IT1:167_745_DF_DCSP_NIC1B2025_6(1.0),M,IT,9,4,00,2011-08,103.2,,,,,,,,,,
IT1:167_745_DF_DCSP_NIC1B2025_6(1.0),M,IT,9,4,00,2011-09,103.2,,,,,,,,,,
IT1:167_745_DF_DCSP_NIC1B2025_6(1.0),M,IT,9,4,00,2011-10,103.8,,,,,,,,,,
IT1:167_745_DF_DCSP_NIC1B2025_6(1.0),M,IT,9,4,00,2011-11,103.7,,,,,,,,,,
IT1:167_745_DF_DCSP_NIC1B2025_6(1.0),M,IT,9,4,00,2011-12,104.1,,,,,,,,,,
IT1:167_745_DF_DCSP_NIC1B2025_6(1.0),M,IT,9,4,00,2012-01,104.4,,,,,,,,,,
IT1:167_745_DF_DCSP_NIC1B2025_6(1.0),M,IT,9,4,00,2012-02,104.8,,,,,,,,,,
IT1:167_745_DF_DCSP_NIC1B2025_6(1.0),M,IT,9,4,00,2012-03,105.3,,,,,,,,,,
IT1:167_745_DF_DCSP_NIC1B2025_6(1.0),M,IT,9,4,00,2012-04,105.8,,,,,,,,,,
IT1:167_745_DF_DCSP_NIC1B2025_6(1.0),M,IT,9,4,00,2012-05,105.8,,,,,,,,,,
IT1:167_745_DF_DCSP_NIC1B2025_6(1.0),M,IT,9,4,00,2012-06,106,,,,,,,,,,
IT1:167_745_DF_DCSP_NIC1B2025_6(1.0),M,IT,9,4,00,2012-07,106.1,,,,,,,,,,
IT1:167_745_DF_DCSP_NIC1B2025_6(1.0),M,IT,9,4,00,2012-08,106.5,,,,,,,,,,
IT1:167_745_DF_DCSP_NIC1B2025_6(1.0),M,IT,9,4,00,2012-09,106.5,,,,,,,,,,
IT1:167_745_DF_DCSP_NIC1B2025_6(1.0),M,IT,9,4,00,2012-10,106.5,,,,,,,,,,
IT1:167_745_DF_DCSP_NIC1B2025_6(1.0),M,IT,9,4,00,2012-11,106.3,,,,,,,,,,
IT1:167_745_DF_DCSP_NIC1B2025_6(1.0),M,IT,9,4,00,2012-12,106.5,,,,,,,,,,
IT1:167_745_DF_DCSP_NIC1B2025_6(1.0),M,IT,9,4,00,2013-01,106.7,,,,,,,,,,
IT1:167_745_DF_DCSP_NIC1B2025_6(1.0),M,IT,9,4,00,2013-02,106.8,,,,,,,,,,
IT1:167_745_DF_DCSP_NIC1B2025_6(1.0),M,IT,9,4,00,2013-03,107,,,,,,,,,,
IT1:167_745_DF_DCSP_NIC1B2025_6(1.0),M,IT,9,4,00,2013-04,107,,,,,,,,,,
IT1:167_745_DF_DCSP_NIC1B2025_6(1.0),M,IT,9,4,00,2013-05,107,,,,,,,,,,
IT1:167_745_DF_DCSP_NIC1B2025_6(1.0),M,IT,9,4,00,2013-06,107.3,,,,,,,,,,
IT1:167_745_DF_DCSP_NIC1B2025_6(1.0),M,IT,9,4,00,2013-07,107.4,,,,,,,,,,
IT1:167_745_DF_DCSP_NIC1B2025_6(1.0),M,IT,9,4,00,2013-08,107.8,,,,,,,,,,
IT1:167_745_DF_DCSP_NIC1B2025_6(1.0),M,IT,9,4,00,2013-09,107.5,,,,,,,,,,
IT1:167_745_DF_DCSP_NIC1B2025_6(1.0),M,IT,9,4,00,2013-10,107.3,,,,,,,,,,
IT1:167_745_DF_DCSP_NIC1B2025_6(1.0),M,IT,9,4,00,2013-11,107,,,,,,,,,,
IT1:167_745_DF_DCSP_NIC1B2025_6(1.0),M,IT,9,4,00,2013-12,107.2,,,,,,,,,,
IT1:167_745_DF_DCSP_NIC1B2025_6(1.0),M,IT,9,4,00,2014-01,107.4,,,,,,,,,,
IT1:167_745_DF_DCSP_NIC1B2025_6(1.0),M,IT,9,4,00,2014-02,107.3,,,,,,,,,,
IT1:167_745_DF_DCSP_NIC1B2025_6(1.0),M,IT,9,4,00,2014-03,107.4,,,,,,,,,,
IT1:167_745_DF_DCSP_NIC1B2025_6(1.0),M,IT,9,4,00,2014-04,107.6,,,,,,,,,,
IT1:167_745_DF_DCSP_NIC1B2025_6(1.0),M,IT,9,4,00,2014-05,107.5,,,,,,,,,,
IT1:167_745_DF_DCSP_NIC1B2025_6(1.0),M,IT,9,4,00,2014-06,107.6,,,,,,,,,,
IT1:167_745_DF_DCSP_NIC1B2025_6(1.0),M,IT,9,4,00,2014-07,107.5,,,,,,,,,,
IT1:167_745_DF_DCSP_NIC1B2025_6(1.0),M,IT,9,4,00,2014-08,107.7,,,,,,,,,,
IT1:167_745_DF_DCSP_NIC1B2025_6(1.0),M,IT,9,4,00,2014-09,107.3,,,,,,,,,,
IT1:167_745_DF_DCSP_NIC1B2025_6(1.0),M,IT,9,4,00,2014-10,107.4,,,,,,,,,,
IT1:167_745_DF_DCSP_NIC1B2025_6(1.0),M,IT,9,4,00,2014-11,107.2,,,,,,,,,,
IT1:167_745_DF_DCSP_NIC1B2025_6(1.0),M,IT,9,4,00,2014-12,107.2,,,,,,,,,,
IT1:167_745_DF_DCSP_NIC1B2025_6(1.0),M,IT,9,4,00,2015-01,106.8,,,,,,,,,,
IT1:167_745_DF_DCSP_NIC1B2025_6(1.0),M,IT,9,4,00,2015-02,107.2,,,,,,,,,,
IT1:167_745_DF_DCSP_NIC1B2025_6(1.0),M,IT,9,4,00,2015-03,107.3,,,,,,,,,,
IT1:167_745_DF_DCSP_NIC1B2025_6(1.0),M,IT,9,4,00,2015-04,107.5,,,,,,,,,,
IT1:167_745_DF_DCSP_NIC1B2025_6(1.0),M,IT,9,4,00,2015-05,107.6,,,,,,,,,,
IT1:167_745_DF_DCSP_NIC1B2025_6(1.0),M,IT,9,4,00,2015-06,107.8,,,,,,,,,,
IT1:167_745_DF_DCSP_NIC1B2025_6(1.0),M,IT,9,4,00,2015-07,107.7,,,,,,,,,,
IT1:167_745_DF_DCSP_NIC1B2025_6(1.0),M,IT,9,4,00,2015-08,107.9,,,,,,,,,,
IT1:167_745_DF_DCSP_NIC1B2025_6(1.0),M,IT,9,4,00,2015-09,107.5,,,,,,,,,,
IT1:167_745_DF_DCSP_NIC1B2025_6(1.0),M,IT,9,4,00,2015-10,107.7,,,,,,,,,,
IT1:167_745_DF_DCSP_NIC1B2025_6(1.0),M,IT,9,4,00,2015-11,107.3,,,,,,,,,,
IT1:167_745_DF_DCSP_NIC1B2025_6(1.0),M,IT,9,4,00,2015-12,107.3,,,,,,,,,,
